ID,Lat,Lng
767494,34.103332,-118.249733
767509,34.107693,-118.249538
767523,34.113959,-118.242956
767541,34.11606,-118.238384
767554,34.121074,-118.229892
767572,34.128043,-118.228421
767620,34.135337,-118.229285
767455,34.146613,-118.226176
768202,34.147961,-118.225767
767470,34.155998,-118.224185
767585,34.166367,-118.224105
767597,34.174822,-118.221416
767609,34.184463,-118.217522
768238,34.20033,-118.21923
767495,34.103362,-118.249975
718064,34.112548,-118.245533
767542,34.116219,-118.238557
718066,34.121743,-118.229567
767573,34.128058,-118.228703
767621,34.135316,-118.229569
762329,34.138775,-118.228707
767454,34.146659,-118.22636
718072,34.148241,-118.225967
767471,34.156037,-118.22443
718076,34.161165,-118.225695
767598,34.174843,-118.221704
767610,34.184465,-118.21782
768230,34.200406,-118.219456
762347,33.876414,-118.014459
716896,33.880305,-118.02169
716899,33.8834,-118.027451
716900,33.886992,-118.034125
762353,33.890697,-118.041009
718358,33.896767,-118.052213
769625,33.900806,-118.059282
718081,33.905186,-118.065055
759518,33.913564,-118.075867
715918,33.93311,-118.091005
764232,33.939747,-118.095531
763985,33.953085,-118.105015
759531,33.957583,-118.111199
759542,33.95891,-118.113036
759552,33.9632,-118.1189
715930,33.971763,-118.122905
716921,33.976554,-118.125758
715933,33.981839,-118.130679
716923,33.985955,-118.135337
763975,33.992305,-118.141915
716925,33.995023,-118.144513
715938,34.002541,-118.150997
716929,34.007196,-118.156466
764435,34.011295,-118.161135
715944,34.013676,-118.166091
718086,34.015567,-118.171131
716933,34.020076,-118.181702
759566,34.020251,-118.189669
759576,34.021135,-118.195375
716937,34.025295,-118.205056
763700,34.027763,-118.210714
716942,34.05905,-118.214488
763237,34.076978,-118.219273
716951,34.086881,-118.233611
718371,34.090311,-118.238626
716953,34.094038,-118.242314
763674,34.100954,-118.248419
763669,34.104688,-118.252741
716956,34.108429,-118.258982
759591,34.114313,-118.267737
775734,34.120938,-118.271262
759602,34.123398,-118.272271
761599,34.142573,-118.277948
761604,34.153792,-118.286458
718384,34.156976,-118.290498
716963,34.164088,-118.295568
716968,34.165484,-118.29753
716971,34.17007,-118.303837
716973,34.170572,-118.30448
716974,34.179879,-118.312407
716978,34.187037,-118.320656
716981,34.193931,-118.330086
716985,34.200877,-118.339185
716988,34.212728,-118.349041
716990,34.222169,-118.3673
716994,34.225945,-118.374982
761644,34.226627,-118.383614
716997,34.227093,-118.389006
717000,34.231273,-118.40134
775462,34.23758,-118.414654
764156,34.239405,-118.416632
718389,34.244193,-118.42169
718092,34.24614,-118.423735
768682,34.249318,-118.427068
768664,34.254804,-118.432792
768655,34.25709,-118.435212
759617,34.266064,-118.442825
718394,34.26834,-118.444992
759834,34.275954,-118.451881
759626,34.279114,-118.455041
759636,34.304527,-118.480635
774092,34.311851,-118.487084
718404,34.320108,-118.4945
775535,34.326025,-118.503782
763641,34.333878,-118.508285
775520,34.334956,-118.509451
716007,34.341625,-118.526002
759648,34.364506,-118.555784
768138,34.368218,-118.558498
769091,34.393574,-118.570864
759654,34.408287,-118.576071
759666,34.424267,-118.58367
716017,34.43153,-118.588374
769029,34.436709,-118.594465
769042,34.439618,-118.598334
769054,34.441909,-118.602777
759672,34.458426,-118.615547
759677,34.497131,-118.624674
716023,34.571045,-118.689102
759685,34.709779,-118.796647
762398,33.876316,-118.014605
715898,33.880183,-118.021787
716898,33.882892,-118.026822
763748,33.89061,-118.041088
763706,33.896666,-118.052294
716907,33.900669,-118.059422
716906,33.903961,-118.064046
716908,33.911074,-118.071686
716912,33.920763,-118.082501
715920,33.938544,-118.094941
763990,33.952949,-118.105163
716916,33.956897,-118.110532
716918,33.958225,-118.11239
716895,33.963867,-118.11987
715929,33.971707,-118.123095
716920,33.97646,-118.125953
768523,33.981723,-118.130845
716922,33.986224,-118.136014
763980,33.992211,-118.142079
716924,33.994935,-118.14469
718364,34.002455,-118.151164
716928,34.007592,-118.157266
718085,34.011229,-118.161247
716930,34.013529,-118.166192
715947,34.015325,-118.17127
716934,34.019879,-118.181588
716936,34.020088,-118.189029
759700,34.020961,-118.195456
759707,34.025109,-118.20517
716938,34.029033,-118.217141
716939,34.041407,-118.218373
716940,34.047784,-118.214638
716941,34.057314,-118.214378
716943,34.059006,-118.214706
716944,34.069368,-118.217386
716946,34.080943,-118.22237
716949,34.083198,-118.228213
718370,34.09021,-118.238774
716955,34.095413,-118.243957
718375,34.100828,-118.248623
718376,34.104544,-118.252924
716958,34.111314,-118.264526
716960,34.118291,-118.270166
718089,34.123357,-118.272486
718379,34.141806,-118.278086
718090,34.148833,-118.27989
759747,34.156871,-118.290763
764417,34.162761,-118.294541
716965,34.163197,-118.29497
759762,34.167992,-118.301293
759772,34.168963,-118.302648
759783,34.176309,-118.30783
716977,34.184491,-118.316733
716975,34.186308,-118.319601
716979,34.19381,-118.330292
716983,34.200916,-118.339473
716986,34.211259,-118.347597
716989,34.221104,-118.358957
716991,34.221822,-118.364915
716993,34.225778,-118.375075
716996,34.226376,-118.385923
716999,34.226944,-118.389042
717001,34.231047,-118.401401
717002,34.23742,-118.414827
764151,34.239278,-118.4168
715996,34.243318,-118.42108
717004,34.245149,-118.422992
717006,34.249183,-118.427257
759228,34.254614,-118.433051
759250,34.256907,-118.435472
718392,34.263648,-118.4415
718393,34.268223,-118.445171
759822,34.271236,-118.448172
759844,34.273972,-118.450111
759835,34.275868,-118.452003
759850,34.277432,-118.45372
759858,34.300684,-118.477275
718405,34.311743,-118.487332
774344,34.318789,-118.493056
775536,34.325864,-118.503984
768701,34.33367,-118.50838
759172,34.341011,-118.522527
759870,34.358847,-118.554053
716010,34.368149,-118.55885
759888,34.374508,-118.563047
759900,34.378358,-118.565494
774514,34.392092,-118.570906
769090,34.393517,-118.571234
772055,34.407375,-118.576054
759906,34.408604,-118.576573
759914,34.420911,-118.582284
716016,34.431273,-118.588555
769030,34.436509,-118.594682
769043,34.439432,-118.598526
769055,34.441758,-118.602939
759927,34.454192,-118.615941
773630,34.457553,-118.615974
759933,34.495729,-118.623863
759942,34.565923,-118.685975
759257,34.016298,-118.483358
737229,34.019283,-118.479535
737237,34.02328,-118.473469
737246,34.025103,-118.466669
737257,34.02693,-118.459319
765506,34.028077,-118.449505
737278,34.028893,-118.446438
764054,34.030628,-118.437426
718410,34.031541,-118.430583
764130,34.03165,-118.428336
718412,34.031688,-118.421146
763336,34.031647,-118.41534
717008,34.030709,-118.41147
717009,34.029516,-118.403014
768584,34.029698,-118.392981
717011,34.031182,-118.390169
716036,34.034311,-118.384884
717014,34.036847,-118.379114
717016,34.036314,-118.374796
717020,34.035587,-118.371451
717022,34.034495,-118.366371
718415,34.033741,-118.361383
763963,34.033989,-118.353882
764249,34.034036,-118.352661
717028,34.034193,-118.348655
716047,34.034363,-118.345701
716050,34.034677,-118.339444
717032,34.035074,-118.33108
717035,34.036382,-118.319158
763346,34.03681,-118.315379
716057,34.036953,-118.313131
717039,34.036945,-118.306723
737184,34.036842,-118.298268
717042,34.03682,-118.296713
718335,34.036796,-118.289266
717046,34.036841,-118.286287
759385,34.037023,-118.284201
764026,34.037427,-118.282004
759280,34.038052,-118.274457
718419,34.037793,-118.272782
763453,34.031145,-118.260012
718421,34.028118,-118.253469
763458,34.023654,-118.243938
737158,34.026415,-118.234825
737313,34.027658,-118.231686
737320,34.053847,-118.221966
716028,34.055167,-118.216535
716067,34.054801,-118.211859
716069,34.053806,-118.208214
716072,34.05411,-118.203478
717059,34.055193,-118.198785
716075,34.055306,-118.192689
716078,34.055285,-118.185874
765098,34.059092,-118.176399
716081,34.059959,-118.174416
737344,34.061366,-118.170554
717070,34.061277,-118.167246
716085,34.061918,-118.162504
716087,34.065882,-118.155495
765451,34.068993,-118.149756
716092,34.071251,-118.141723
717077,34.071335,-118.135155
717075,34.071342,-118.133569
717089,34.071438,-118.123947
717083,34.07146,-118.12223
717084,34.071574,-118.11718
717093,34.071665,-118.10937
717097,34.07168,-118.107635
717105,34.071731,-118.100852
717110,34.071766,-118.098584
717114,34.071834,-118.091958
718445,34.07186,-118.089866
717123,34.071945,-118.082543
717127,34.072071,-118.074173
717131,34.072083,-118.071554
717133,34.072106,-118.068405
717136,34.072292,-118.055988
716126,34.071934,-118.051536
717146,34.06847,-118.040429
774440,34.067931,-118.034889
717152,34.067963,-118.027743
717155,34.06699,-118.019773
717156,34.063981,-118.008051
768173,34.065326,-117.997535
775552,34.066974,-117.985481
717165,34.06769,-117.980138
775030,34.068079,-117.976855
717174,34.070282,-117.960307
764222,34.071267,-117.950956
717179,34.072075,-117.943345
763695,34.072372,-117.935361
717185,34.0723,-117.927358
717190,34.072274,-117.924923
716152,34.072202,-117.917964
717195,34.072101,-117.908205
717198,34.072082,-117.906392
764217,34.071994,-117.898791
717205,34.071847,-117.888507
718118,34.071814,-117.87979
717214,34.07172,-117.872992
717219,34.070451,-117.86513
718119,34.069047,-117.862283
763479,34.068106,-117.83743
717236,34.063698,-117.814269
716181,34.067443,-117.801629
717241,34.072803,-117.785705
717243,34.072839,-117.779264
716187,34.071766,-117.769758
717247,34.070843,-117.76148
768328,34.07311,-117.753926
717251,34.075604,-117.74786
717254,34.079138,-117.739234
774729,34.081536,-117.728631
717257,34.081545,-117.727932
717260,34.081722,-117.71693
774744,34.081798,-117.711187
759259,34.016413,-118.483481
737232,34.019435,-118.47969
764050,34.022411,-118.475871
737242,34.023443,-118.473579
737258,34.027093,-118.459353
763490,34.027751,-118.456128
737269,34.027802,-118.451776
764059,34.030785,-118.437468
718411,34.031734,-118.430419
737292,34.031903,-118.4213
763325,34.031891,-118.416029
716032,34.030891,-118.411427
763341,34.029722,-118.403033
718099,34.029948,-118.392928
717012,34.034476,-118.38503
717015,34.036959,-118.379466
717019,34.03577,-118.371368
718414,34.033976,-118.361349
764244,34.034301,-118.352667
773647,34.034377,-118.350928
717026,34.03448,-118.348667
717029,34.034617,-118.345712
717031,34.034894,-118.339451
718103,34.035005,-118.337015
717033,34.035298,-118.331265
763330,34.036614,-118.31917
717036,34.037228,-118.31313
717040,34.037253,-118.306713
717041,34.037222,-118.302221
716063,34.037129,-118.296691
717043,34.037096,-118.294389
768598,34.03706,-118.289279
717045,34.037067,-118.286318
759289,34.038055,-118.279858
769105,34.028251,-118.253349
769118,34.027652,-118.232238
764941,34.053988,-118.222069
717047,34.055356,-118.216546
717049,34.05498,-118.211804
717052,34.053995,-118.208218
717055,34.053753,-118.205692
717060,34.055448,-118.19888
716076,34.055573,-118.192729
718020,34.055551,-118.185914
718332,34.059334,-118.176508
717065,34.060186,-118.174504
737345,34.061578,-118.1706
716084,34.061442,-118.167268
717071,34.063934,-118.160163
716088,34.066326,-118.155441
717073,34.068501,-118.151418
716091,34.071793,-118.143409
717079,34.071644,-118.135158
717081,34.071662,-118.133572
717087,34.071803,-118.123604
717091,34.071819,-118.12204
716101,34.071889,-118.117349
717095,34.072021,-118.108838
717101,34.072053,-118.107276
717108,34.072192,-118.100669
717112,34.072118,-118.09858
717116,34.072221,-118.091434
717119,34.072253,-118.089691
717121,34.072342,-118.082856
717125,34.072457,-118.074173
717129,34.072494,-118.07208
717134,34.07251,-118.068233
717135,34.072661,-118.059491
717139,34.072302,-118.051535
717142,34.069271,-118.044184
774441,34.068121,-118.034859
717150,34.068078,-118.030663
717154,34.068199,-118.025926
767329,34.067198,-118.019674
717157,34.064175,-118.008013
768174,34.065536,-117.997551
717160,34.066554,-117.990356
717162,34.067663,-117.981905
717167,34.067905,-117.979831
775029,34.06828,-117.976897
717169,34.069011,-117.971555
717171,34.07049,-117.959994
764227,34.071436,-117.950986
717176,34.072082,-117.94475
716146,34.072549,-117.935381
717187,34.072468,-117.92737
717192,34.072452,-117.925803
716153,34.072356,-117.917965
717196,34.072264,-117.909076
717200,34.072247,-117.90702
763731,34.072159,-117.898791
717202,34.072105,-117.891295
717207,34.072087,-117.889726
717209,34.072029,-117.882752
717211,34.072002,-117.880137
717216,34.071952,-117.87456
717220,34.071035,-117.865957
717224,34.069889,-117.863523
717226,34.069037,-117.841455
717235,34.0639,-117.814349
717238,34.067625,-117.801715
717240,34.072518,-117.789858
763485,34.072978,-117.784144
717245,34.071938,-117.769749
717246,34.071029,-117.761475
717249,34.073286,-117.753978
768339,34.075833,-117.747809
717252,34.077146,-117.744573
768349,34.079381,-117.739096
774728,34.08172,-117.728629
716193,34.081731,-117.72793
717258,34.081821,-117.721638
774743,34.081976,-117.71118
764262,34.362535,-118.504833
764276,34.377099,-118.494004
764269,34.379368,-118.491328
764304,34.394808,-118.468198
764318,34.404207,-118.451727
766694,34.425605,-118.422402
766721,34.434709,-118.380974
766740,34.466671,-118.327283
766758,34.493332,-118.280287
767791,34.555273,-118.132044
775511,34.334177,-118.508382
764283,34.375451,-118.49629
764290,34.377963,-118.493391
764297,34.391522,-118.474877
764311,34.401271,-118.457631
764322,34.404382,-118.451878
766703,34.424397,-118.425567
766712,34.433995,-118.38947
766730,34.466425,-118.334293
766749,34.488826,-118.286572
767790,34.555214,-118.132256
771253,34.179522,-118.86008
771578,34.184067,-118.860802
771268,34.196191,-118.859225
771285,34.198898,-118.857485
771294,34.203343,-118.85368
771306,34.208327,-118.849291
771318,34.211348,-118.84886
771349,34.215167,-118.849269
771329,34.225045,-118.847994
771340,34.228473,-118.846374
771360,34.241576,-118.839735
771371,34.244752,-118.839479
771386,34.252263,-118.839889
771396,34.259271,-118.842944
771410,34.266273,-118.850611
771421,34.266777,-118.851005
771431,34.274437,-118.857161
771441,34.281715,-118.862785
771254,34.178342,-118.860833
771577,34.182962,-118.860859
771565,34.193023,-118.861362
771553,34.195845,-118.85983
771295,34.202778,-118.85498
771542,34.205523,-118.851449
771531,34.207941,-118.849838
771350,34.214377,-118.849594
771521,34.222667,-118.849481
771509,34.225282,-118.848315
771499,34.235225,-118.842692
771488,34.239756,-118.840813
771385,34.251851,-118.840288
771400,34.258973,-118.843185
771475,34.263542,-118.848753
771463,34.266547,-118.851334
771432,34.274194,-118.857449
771453,34.279095,-118.861308
772421,33.749223,-118.270043
775763,33.748932,-118.290236
772396,33.749346,-118.282102
772420,33.749307,-118.270041
774826,33.953364,-117.863075
763539,33.960273,-117.855729
774854,33.976502,-117.842562
769068,33.982608,-117.842112
763553,33.988721,-117.842841
774813,33.998678,-117.837798
774866,34.024465,-117.812463
763558,34.032569,-117.808962
774877,34.036774,-117.805975
763563,34.04332,-117.800771
763568,34.04611,-117.800531
774841,34.052554,-117.802449
716203,34.059539,-117.804678
774902,34.068185,-117.807434
764096,34.077854,-117.813757
718356,34.091335,-117.819352
718053,34.097462,-117.819268
774799,34.102685,-117.819622
718051,34.104337,-117.820298
764089,34.11626,-117.823987
774827,33.953336,-117.863361
763970,33.960374,-117.856055
774855,33.976527,-117.842817
763590,33.981951,-117.842186
774812,33.998818,-117.837988
774865,34.024519,-117.812703
763583,34.029739,-117.811086
774878,34.036865,-117.806244
763578,34.040947,-117.802381
763573,34.045058,-117.800792
774842,34.052501,-117.802728
764420,34.059467,-117.804897
774901,34.068075,-117.807668
718054,34.078431,-117.814654
763649,34.091304,-117.819676
718052,34.094818,-117.819726
774800,34.10267,-117.819835
768779,34.104041,-117.82037
718050,34.107022,-117.821888
774890,34.11142,-117.823902
718048,34.115919,-117.824413
717262,34.02902,-118.216326
773281,34.028031,-118.208136
717264,34.029608,-118.198629
717265,34.03154,-118.190445
717268,34.032146,-118.183387
716213,34.034994,-118.173285
773258,34.035882,-118.167827
773274,34.036464,-118.16093
717273,34.035723,-118.151516
717279,34.034219,-118.148257
768444,34.032906,-118.142053
773222,34.033031,-118.133612
773232,34.03377,-118.109603
773304,34.035592,-118.101149
773293,34.035659,-118.095917
717285,34.035853,-118.093489
717290,34.036512,-118.090626
773245,34.037734,-118.085774
717292,34.039225,-118.081093
773317,34.041034,-118.073108
717296,34.041255,-118.065153
717301,34.041213,-118.062543
717303,34.039962,-118.05362
717308,34.03958,-118.051399
773330,34.038564,-118.045604
717312,34.037428,-118.039136
716235,34.034891,-118.029411
716237,34.031123,-118.02136
717318,34.02896,-118.012462
773409,34.028638,-118.002779
773460,34.021504,-117.990223
767722,34.016966,-117.985864
718453,34.011912,-117.980122
773424,34.009557,-117.973378
717322,34.007035,-117.965011
717328,34.00598,-117.961572
718123,34.003773,-117.954366
773473,34.001559,-117.94716
773492,33.999541,-117.940612
717332,33.996934,-117.931728
717334,33.996462,-117.928294
716254,33.996031,-117.924675
773520,33.995684,-117.922099
717340,33.994088,-117.906225
717343,33.994073,-117.902914
773505,33.994094,-117.897858
717346,33.994085,-117.88949
717352,33.994021,-117.886877
773535,33.994885,-117.878772
717357,33.99613,-117.870894
717358,33.996748,-117.866957
716265,33.998463,-117.856533
773439,33.999031,-117.853126
718127,34.000335,-117.84567
774164,34.001268,-117.839546
774180,34.002482,-117.832788
774947,34.007264,-117.826181
766806,34.010718,-117.82259
774927,34.016499,-117.817563
766661,34.024192,-117.809808
774475,34.025037,-117.774955
766569,34.024204,-117.762443
766600,34.024058,-117.755124
766644,34.023384,-117.752093
766620,34.023534,-117.745774
766585,34.024073,-117.742058
766843,34.024861,-117.730929
764418,34.029636,-118.217534
716206,34.029065,-118.211497
717263,34.029648,-118.199219
717266,34.031713,-118.190515
717269,34.032661,-118.182471
717270,34.034977,-118.174866
773257,34.036073,-118.167849
773273,34.03666,-118.160938
717274,34.035886,-118.151414
717277,34.034655,-118.148653
717281,34.033066,-118.141975
773221,34.033226,-118.133609
773233,34.033985,-118.109672
773305,34.035797,-118.101226
717282,34.03582,-118.095997
717288,34.036302,-118.092399
773343,34.03791,-118.085867
717294,34.039747,-118.080226
773316,34.041206,-118.073157
717298,34.041418,-118.066377
717300,34.041414,-118.06376
717306,34.040308,-118.054105
718455,34.039693,-118.05069
773329,34.038816,-118.045552
717315,34.037619,-118.038699
717316,34.035073,-118.029281
716238,34.03138,-118.02126
769454,34.029244,-118.011272
717320,34.029247,-118.008439
773407,34.028877,-118.0027
773458,34.021646,-117.990029
767723,34.017093,-117.985713
716241,34.012079,-117.980022
773422,34.009709,-117.973312
717324,34.00782,-117.967088
718124,34.003931,-117.95432
773474,34.001722,-117.947119
773490,33.999699,-117.94058
717330,33.997875,-117.934513
717337,33.997,-117.930655
716253,33.996291,-117.924633
773522,33.995952,-117.922059
717339,33.994319,-117.908132
717342,33.994314,-117.904483
718125,33.994299,-117.890213
717350,33.994278,-117.887951
773537,33.99513,-117.87881
717355,33.995905,-117.873496
718126,33.99864,-117.856574
773437,33.999193,-117.853162
774125,33.999966,-117.848396
717361,33.999995,-117.848226
774165,34.001459,-117.839573
774181,34.00266,-117.832837
774946,34.007487,-117.826362
774958,34.011894,-117.821807
774926,34.016653,-117.81781
766788,34.024472,-117.809793
765456,34.024942,-117.773813
774491,34.024242,-117.771627
766571,34.024575,-117.762375
766602,34.024322,-117.755055
766642,34.02362,-117.75203
766622,34.023776,-117.745822
766587,34.024354,-117.742097
765461,34.025041,-117.73416
767166,34.066788,-117.802782
775101,34.055022,-117.782658
769292,34.050545,-117.778066
769279,34.043604,-117.770672
766673,34.035347,-117.761863
716271,34.06708,-117.804144
775100,34.052705,-117.780575
769294,34.048371,-117.775944
766685,34.028771,-117.755133
716272,33.872586,-118.289005
716273,33.872636,-118.2812
717367,33.872471,-118.27074
717369,33.873324,-118.264042
718130,33.873486,-118.259531
717376,33.873496,-118.251545
717373,33.873339,-118.246168
717379,33.87359,-118.236964
717381,33.873878,-118.227243
717383,33.873494,-118.219285
717387,33.873361,-118.213213
717390,33.872655,-118.203751
717393,33.876009,-118.191574
717396,33.876737,-118.184403
716296,33.876767,-118.177981
717402,33.875898,-118.166089
717406,33.876265,-118.158652
765467,33.876929,-118.149691
718326,33.876989,-118.143077
717418,33.877024,-118.139428
717420,33.8765,-118.132216
768898,33.876002,-118.126736
717426,33.87605,-118.122915
716312,33.876464,-118.114961
716313,33.876234,-118.104961
766209,33.876279,-118.095037
717431,33.876317,-118.084773
717434,33.876324,-118.080425
717436,33.876358,-118.074686
717439,33.876366,-118.070702
717441,33.875647,-118.064958
759980,33.873306,-118.060607
768223,33.87249,-118.059386
717443,33.86603,-118.049777
773363,33.862202,-118.042466
764425,33.872808,-118.281181
717365,33.872789,-118.276308
717368,33.873537,-118.264071
765591,33.873665,-118.259554
717375,33.873676,-118.251564
717374,33.873522,-118.246184
717378,33.873772,-118.23715
717380,33.874114,-118.227251
717384,33.873704,-118.219282
717388,33.873559,-118.213194
718327,33.872905,-118.203748
717392,33.87619,-118.191575
717397,33.87692,-118.184411
716295,33.876997,-118.177986
717399,33.876459,-118.1704
717404,33.876117,-118.161745
717410,33.877126,-118.153353
717413,33.877179,-118.143773
717416,33.877201,-118.142032
717421,33.876702,-118.132194
717424,33.87621,-118.126705
768907,33.876256,-118.122877
716311,33.876731,-118.114918
716314,33.876465,-118.104925
766211,33.876493,-118.095039
717428,33.876536,-118.084783
717433,33.87657,-118.080438
717435,33.876583,-118.075397
717438,33.876613,-118.071914
717440,33.876119,-118.065686
766555,33.873627,-118.060623
768222,33.872702,-118.059283
717442,33.866819,-118.050661
773362,33.862383,-118.04237
773023,34.056973,-118.242279
717445,34.06933,-118.259931
717447,34.072657,-118.268106
717452,34.074945,-118.273396
716337,34.077518,-118.282724
765164,34.078907,-118.288793
717456,34.081134,-118.29347
717459,34.083079,-118.297553
717460,34.085801,-118.301771
717463,34.090089,-118.305929
717465,34.094618,-118.310464
717469,34.096481,-118.313058
717473,34.099806,-118.315367
769372,34.10148,-118.316373
717480,34.105922,-118.327165
769389,34.110196,-118.333961
717483,34.115601,-118.33666
769402,34.121951,-118.34017
769418,34.125162,-118.343673
764949,34.128774,-118.346843
765176,34.133337,-118.352345
764760,34.134078,-118.355163
768469,34.135151,-118.358579
716359,34.139643,-118.365139
717491,34.14739,-118.370853
718141,34.151437,-118.374683
717492,34.154581,-118.381115
769467,34.154537,-118.397142
769346,34.156793,-118.407014
717497,34.156829,-118.415379
769358,34.156683,-118.422679
717498,34.155725,-118.432994
769443,34.155751,-118.438222
717501,34.15746,-118.450006
769431,34.158459,-118.456664
764794,34.160765,-118.469064
765099,34.163563,-118.472068
717502,34.165132,-118.474715
772168,34.165406,-118.483271
776081,34.169082,-118.498485
772178,34.171202,-118.503926
772596,34.171254,-118.510916
717510,34.171285,-118.520359
776066,34.171745,-118.531122
717513,34.173406,-118.538066
776060,34.173608,-118.550128
717515,34.17368,-118.555198
772609,34.173613,-118.561137
717517,34.171556,-118.573031
717519,34.168519,-118.590528
776073,34.169341,-118.595856
776052,34.170656,-118.604454
717522,34.170894,-118.607747
772583,34.163866,-118.625655
717524,34.162351,-118.629794
760002,34.158544,-118.640131
772354,34.158019,-118.641563
770611,34.152719,-118.65432
737433,34.149171,-118.69734
768253,34.138072,-118.726233
764958,34.143303,-118.739457
764963,34.146034,-118.760227
772340,34.14652,-118.764022
759271,34.14691,-118.782745
765101,34.148901,-118.803161
765472,34.150034,-118.806843
764803,34.159878,-118.82825
764808,34.160056,-118.828523
764819,34.167524,-118.839757
764829,34.176331,-118.860741
764839,34.1778,-118.879126
764863,34.184342,-118.893462
764879,34.184484,-118.910472
764891,34.184452,-118.913787
764900,34.185571,-118.929061
764910,34.18968,-118.938878
764915,34.191042,-118.941959
764921,34.205441,-118.984481
764932,34.213624,-119.007232
775302,34.222669,-119.141683
775365,34.222807,-119.143772
767810,34.249209,-119.204207
773062,34.053512,-118.232514
773024,34.056861,-118.242427
764853,34.064756,-118.251325
716328,34.067067,-118.254688
716331,34.070002,-118.262279
717446,34.071462,-118.265891
717450,34.074797,-118.273463
717453,34.076926,-118.280908
716339,34.078365,-118.288977
717458,34.082786,-118.297762
717461,34.085657,-118.301901
717462,34.089949,-118.306085
717466,34.094488,-118.310649
717468,34.096382,-118.313222
717472,34.099575,-118.315495
769373,34.101382,-118.316558
717479,34.104365,-118.323801
717481,34.106229,-118.328138
769388,34.110032,-118.334114
717484,34.115404,-118.336938
769403,34.121802,-118.340349
769405,34.125019,-118.343858
717486,34.129747,-118.348132
775990,34.13332,-118.353249
764766,34.133863,-118.35542
717488,34.134933,-118.358849
717489,34.139513,-118.36535
717490,34.147297,-118.371049
768066,34.151183,-118.375172
768477,34.154294,-118.38111
717493,34.154314,-118.394541
769345,34.156606,-118.407038
717495,34.156627,-118.412272
769359,34.1565,-118.422723
760013,34.155572,-118.427822
769444,34.155559,-118.438288
717499,34.156121,-118.44689
769430,34.158236,-118.456755
760024,34.159347,-118.461778
764781,34.160984,-118.470704
772140,34.164781,-118.474288
772167,34.165169,-118.483356
717504,34.165142,-118.49033
772151,34.168861,-118.498546
772597,34.171083,-118.510919
717508,34.171108,-118.517031
717511,34.171531,-118.531109
717514,34.173426,-118.550079
772610,34.173421,-118.561073
717516,34.172374,-118.570043
717518,34.167855,-118.586613
717520,34.16912,-118.595733
718142,34.17043,-118.60432
718143,34.170677,-118.606564
718144,34.169734,-118.611241
772582,34.163717,-118.62555
718146,34.159836,-118.636043
772208,34.159019,-118.638271
772355,34.157863,-118.64146
718148,34.1544,-118.649487
765444,34.152479,-118.654183
716390,34.149135,-118.672472
716391,34.151032,-118.680765
716392,34.148836,-118.697394
764646,34.146784,-118.699337
772564,34.14622,-118.699888
764637,34.138582,-118.720114
768265,34.137921,-118.725469
764632,34.143077,-118.739279
765100,34.143067,-118.743123
772193,34.145632,-118.758879
718149,34.145654,-118.759052
718150,34.146952,-118.779156
764627,34.148124,-118.801429
764622,34.149194,-118.804893
765150,34.1557,-118.822425
764798,34.157232,-118.824716
764814,34.164951,-118.836331
764834,34.175043,-118.852242
764824,34.175975,-118.85885
764848,34.17712,-118.873779
764868,34.181854,-118.888445
764874,34.18312,-118.890989
764885,34.184302,-118.908919
765106,34.184275,-118.911709
764905,34.188438,-118.936403
764927,34.205276,-118.984649
764937,34.213685,-119.008009
775314,34.22247,-119.141616
767811,34.248926,-119.204264
767801,34.277376,-119.293883
760046,33.931132,-118.389223
773047,33.931041,-118.38349
766875,33.931058,-118.382272
760063,33.929816,-118.373757
767838,33.931513,-118.361927
773656,33.933059,-118.356686
760074,33.933294,-118.351898
760080,33.930073,-118.344285
716414,33.924911,-118.335537
760101,33.924855,-118.32862
760112,33.925162,-118.323479
716419,33.925238,-118.313092
716421,33.926392,-118.304528
716424,33.928424,-118.29444
774614,33.928478,-118.284031
765476,33.928419,-118.277962
760167,33.928407,-118.277789
716427,33.927891,-118.273645
716431,33.927305,-118.266557
716433,33.927289,-118.263121
760187,33.928141,-118.252891
760196,33.928223,-118.240518
716440,33.929161,-118.226832
716442,33.929098,-118.220055
760226,33.923785,-118.207757
760236,33.922422,-118.20466
716449,33.917731,-118.194032
718155,33.914156,-118.184451
716453,33.911105,-118.174619
767857,33.911091,-118.174445
767868,33.911021,-118.173573
716456,33.91131,-118.164179
760283,33.912001,-118.157276
716460,33.912739,-118.148633
760301,33.9129,-118.143428
760315,33.91291,-118.138216
716466,33.912952,-118.131271
760330,33.91319,-118.122603
716470,33.913689,-118.113948
716402,33.931618,-118.394435
716404,33.931388,-118.389223
716405,33.931349,-118.382283
716407,33.93015,-118.373771
716409,33.932384,-118.3602
760426,33.932736,-118.3484
716413,33.926558,-118.338643
760440,33.925127,-118.330354
760452,33.925436,-118.325192
716420,33.925579,-118.313116
716422,33.926754,-118.304542
760473,33.928605,-118.29615
760481,33.928912,-118.290792
716426,33.928915,-118.285761
716428,33.928261,-118.273648
760496,33.927683,-118.266559
716434,33.927654,-118.263124
760512,33.92794,-118.256279
716437,33.928838,-118.244115
760535,33.928184,-118.233573
716441,33.929479,-118.226883
716443,33.929386,-118.220032
760558,33.926113,-118.212249
760568,33.924777,-118.209134
716448,33.921331,-118.201425
716450,33.918043,-118.193865
760599,33.915511,-118.187405
763712,33.91443,-118.184361
760606,33.914378,-118.184198
760619,33.911423,-118.174572
716457,33.911652,-118.164198
716459,33.912441,-118.155588
716461,33.913023,-118.148672
760398,33.913204,-118.143449
760384,33.913209,-118.136477
760375,33.913234,-118.12779
760369,33.91352,-118.122596
716471,33.914009,-118.113945
760358,33.914273,-118.103564
763498,33.758627,-118.28954
775773,33.770321,-118.280319
763502,33.772948,-118.279693
763507,33.78064,-118.280253
763512,33.791949,-118.282519
763517,33.807904,-118.287726
763522,33.81107,-118.287268
763527,33.82907,-118.28727
763532,33.845433,-118.285155
766336,33.855279,-118.284699
763354,33.863231,-118.284914
763663,33.870044,-118.28482
716484,33.884861,-118.285153
763626,33.892333,-118.285489
775825,33.901039,-118.286407
763361,33.903061,-118.2864
716490,33.90698,-118.286419
763367,33.915926,-118.285841
716495,33.919346,-118.283589
774704,33.922709,-118.281293
763304,33.928629,-118.280397
763372,33.93561,-118.27973
763720,33.938699,-118.279654
763384,33.947463,-118.279359
716499,33.951161,-118.279899
763392,33.958618,-118.280545
763400,33.960648,-118.280531
763408,33.976848,-118.280643
763419,33.984847,-118.280312
718164,33.989159,-118.280238
763424,33.998622,-118.280613
763429,34.006152,-118.280854
763434,34.010617,-118.280787
763439,34.018144,-118.279568
764032,34.026085,-118.275163
775637,34.031804,-118.274441
718165,34.037093,-118.274088
774672,34.041951,-118.273107
774685,34.046357,-118.268913
774658,34.048162,-118.265992
772501,34.057029,-118.254921
718046,34.067909,-118.23795
772513,34.070398,-118.235253
771667,34.075092,-118.232059
771673,34.078403,-118.228171
773013,34.084087,-118.220354
767751,34.09296,-118.206232
767760,34.112828,-118.177006
767768,34.119072,-118.16196
775752,33.758642,-118.289784
775774,33.770329,-118.280609
766337,33.855273,-118.2849
716481,33.865396,-118.285083
766988,33.874645,-118.28514
716485,33.884866,-118.28555
763621,33.890677,-118.285802
763314,33.899562,-118.286804
716491,33.906991,-118.286756
763309,33.914535,-118.286578
716494,33.919393,-118.284015
774703,33.922722,-118.281671
759418,33.923292,-118.281555
759416,33.923435,-118.281525
763299,33.928643,-118.281065
763377,33.935598,-118.280279
716500,33.95115,-118.280258
763294,33.958616,-118.281057
763286,33.962692,-118.280984
763275,33.968828,-118.28101
763267,33.980182,-118.281036
763259,33.987824,-118.280807
763251,34.002226,-118.28122
718041,34.009215,-118.281288
763246,34.015503,-118.281106
763447,34.018314,-118.280127
764037,34.026164,-118.275402
775636,34.031839,-118.274646
718166,34.03711,-118.274257
760635,34.040612,-118.27373
774671,34.042012,-118.273319
760643,34.04828,-118.266145
718173,34.055433,-118.256754
775610,34.063457,-118.247963
718045,34.068002,-118.238015
760650,34.074472,-118.233103
773012,34.084203,-118.220447
767750,34.093121,-118.206362
767759,34.112945,-118.177303
767767,34.119213,-118.161998
760686,34.292788,-118.854026
760693,34.293197,-118.84425
772132,34.292667,-118.834172
772125,34.291143,-118.816801
772118,34.287992,-118.801315
760812,34.284287,-118.793847
760814,34.28279,-118.789901
764081,34.2822,-118.786152
760801,34.282155,-118.779539
760794,34.28215,-118.776188
764072,34.282147,-118.772116
760782,34.282158,-118.761848
760774,34.282158,-118.75852
764068,34.28215,-118.756247
760765,34.282139,-118.744365
760756,34.28213,-118.740869
759142,34.282136,-118.734404
764193,34.282131,-118.72654
760746,34.281623,-118.718019
760738,34.281529,-118.714692
764185,34.281508,-118.708898
764181,34.281491,-118.700296
760726,34.281486,-118.691694
760718,34.28146,-118.68836
764173,34.281476,-118.682746
717553,34.28145,-118.678709
717560,34.281433,-118.675198
764165,34.28077,-118.671276
717565,34.276128,-118.658042
772107,34.270739,-118.652796
717568,34.268955,-118.634171
772487,34.273908,-118.627732
765920,34.276428,-118.616547
717525,34.276735,-118.602125
765978,34.275246,-118.598163
717530,34.273354,-118.588108
765941,34.273305,-118.581148
771706,34.273315,-118.56897
765995,34.272999,-118.563764
717533,34.272223,-118.555464
765958,34.273995,-118.546706
717536,34.275083,-118.535822
766012,34.278074,-118.526592
766029,34.277793,-118.517876
766046,34.277783,-118.509148
717539,34.277904,-118.503383
717541,34.277556,-118.498886
717543,34.273127,-118.491528
717547,34.268787,-118.486194
766062,34.265948,-118.477329
766138,34.265847,-118.468667
766170,34.265805,-118.463409
771690,34.265724,-118.454632
766185,34.267093,-118.440661
766112,34.267722,-118.437268
766153,34.271535,-118.429947
717554,34.292599,-118.860081
717566,34.293436,-118.844767
772133,34.292952,-118.834105
772126,34.291452,-118.816751
772119,34.288377,-118.801243
760869,34.285131,-118.79486
764085,34.282499,-118.786157
760971,34.282452,-118.782329
760959,34.282447,-118.777608
764076,34.28245,-118.77212
760951,34.282441,-118.7638
760941,34.28245,-118.760625
764064,34.282447,-118.756252
760932,34.28243,-118.746287
760921,34.282439,-118.742964
759165,34.282445,-118.734398
764197,34.282423,-118.726531
760911,34.282189,-118.720254
760900,34.281851,-118.716955
764189,34.281806,-118.708876
764177,34.281788,-118.700269
760892,34.28177,-118.693769
717558,34.281761,-118.690432
764169,34.281773,-118.682707
717549,34.281753,-118.681653
717557,34.28175,-118.679194
764161,34.281084,-118.671219
717562,34.279351,-118.664241
772092,34.268605,-118.634966
760706,34.269157,-118.634264
772488,34.274157,-118.627753
765922,34.276649,-118.616557
760828,34.277998,-118.606079
765976,34.275485,-118.598169
717528,34.273553,-118.588111
765943,34.273529,-118.581144
771721,34.273598,-118.56965
765993,34.273216,-118.563746
717532,34.272684,-118.558209
765960,34.27423,-118.546666
717535,34.274745,-118.538826
766010,34.278307,-118.526519
766027,34.278043,-118.517789
766044,34.278039,-118.509048
717537,34.27815,-118.504149
717544,34.273353,-118.491355
717546,34.268987,-118.485999
766060,34.266157,-118.47724
766096,34.266055,-118.463188
766124,34.266023,-118.457798
771691,34.266037,-118.454234
766184,34.267413,-118.440737
766110,34.267929,-118.437323
766167,34.271697,-118.430141
761016,34.153108,-118.366127
717570,34.153063,-118.359904
773880,34.153816,-118.341876
760987,34.153535,-118.339979
773890,34.152957,-118.336851
717573,34.154023,-118.324031
773869,34.154966,-118.317908
761003,34.155121,-118.309741
718204,34.155439,-118.295974
773904,34.155227,-118.294082
773953,34.155081,-118.290573
773916,34.152202,-118.282684
773927,34.152895,-118.279266
717578,34.154438,-118.272455
717580,34.155877,-118.266072
717583,34.156268,-118.25012
717585,34.155839,-118.242691
717587,34.15489,-118.240354
774054,34.15068,-118.234471
717592,34.146882,-118.227103
773974,34.145484,-118.221919
773995,34.144881,-118.215655
774011,34.147884,-118.197557
717595,34.142229,-118.18445
774031,34.141573,-118.182594
717601,34.144583,-118.1678
717606,34.148278,-118.157788
773939,34.153052,-118.36974
717571,34.153255,-118.359896
718496,34.154195,-118.343722
774204,34.154161,-118.343375
717572,34.153625,-118.327063
773870,34.155158,-118.317885
718499,34.154816,-118.311893
773906,34.155435,-118.294082
773954,34.155428,-118.29055
774067,34.153547,-118.284244
716551,34.154235,-118.274159
716554,34.156198,-118.265345
717582,34.156458,-118.262159
717099,34.156447,-118.245195
774053,34.15084,-118.234258
717590,34.148123,-118.229499
773975,34.14568,-118.221874
773996,34.145076,-118.215608
774012,34.148107,-118.197509
717597,34.142674,-118.184801
774032,34.141843,-118.182666
717599,34.142896,-118.172193
717603,34.146519,-118.162409
764106,34.171717,-118.388072
763995,34.220025,-118.409585
764430,34.230591,-118.409589
764101,34.163266,-118.382094
717608,34.171634,-118.388333
717610,34.178734,-118.394967
717612,34.185249,-118.400787
761070,34.187159,-118.401618
716571,34.19999,-118.403413
717613,34.219986,-118.409792
716573,34.222738,-118.410536
717614,34.23061,-118.410097
770599,34.31759,-118.486117
768297,34.323046,-118.476388
768283,34.323367,-118.457366
770587,34.321653,-118.446679
770012,34.315198,-118.43844
770024,34.307175,-118.428329
770036,34.297523,-118.41772
770354,34.293047,-118.412995
770048,34.285556,-118.405022
770331,34.282287,-118.401572
770544,34.277404,-118.391732
770061,34.27436,-118.37804
770556,34.273581,-118.367587
770076,34.271968,-118.351971
770089,34.2608,-118.331009
770103,34.257404,-118.327764
770116,34.234317,-118.286992
769895,34.230849,-118.265101
769880,34.221426,-118.245718
769866,34.218398,-118.239738
769847,34.211728,-118.228265
770385,34.206925,-118.21372
769831,34.206745,-118.201533
769819,34.205892,-118.198234
769984,34.202989,-118.191827
769806,34.196934,-118.185042
769788,34.189219,-118.180753
717617,34.179921,-118.167405
717620,34.174756,-118.160407
717625,34.160546,-118.158748
770578,34.156489,-118.158295
717628,34.152216,-118.156144
717631,34.15099,-118.152369
717633,34.151691,-118.142523
717635,34.151658,-118.12944
717638,34.152187,-118.117782
717640,34.152301,-118.109239
717646,34.151406,-118.091041
717650,34.147621,-118.079037
717654,34.148522,-118.068683
717659,34.148554,-118.064055
773154,34.148585,-118.057432
717667,34.148636,-118.048053
717672,34.146752,-118.029146
773193,34.143558,-118.022467
761128,34.140676,-118.017243
761141,34.138178,-118.014556
761152,34.135316,-117.996727
761165,34.135219,-117.979798
761177,34.135237,-117.975628
769701,34.135426,-117.967987
761191,34.13449,-117.958916
769772,34.133397,-117.954412
772857,34.130657,-117.946351
772872,34.128708,-117.939757
761206,34.130297,-117.931111
772887,34.128935,-117.923112
761220,34.125143,-117.915079
765477,34.120571,-117.906859
717684,34.120654,-117.905646
772903,34.120955,-117.902358
765486,34.120787,-117.890798
718469,34.120764,-117.88843
772917,34.120865,-117.881465
717692,34.120461,-117.871209
772932,34.117037,-117.861494
772953,34.117359,-117.85626
716142,34.117595,-117.844142
716143,34.120911,-117.829234
769758,34.120306,-117.822311
772966,34.120153,-117.820582
771603,34.11972,-117.803812
767883,34.119703,-117.780403
767896,34.119372,-117.771695
767925,34.119291,-117.759529
767942,34.119475,-117.749005
767970,34.120394,-117.733824
767984,34.120261,-117.728252
767998,34.120158,-117.72024
768012,34.120041,-117.710836
768026,34.119816,-117.702095
768041,34.121357,-117.696262
770598,34.318013,-118.486171
770315,34.32289,-118.479923
770303,34.323885,-118.463369
770588,34.321808,-118.446543
770215,34.31834,-118.442088
770229,34.314344,-118.436994
770243,34.302019,-118.422166
770353,34.293217,-118.412767
770259,34.288741,-118.408086
770332,34.282467,-118.401379
770545,34.277612,-118.391579
770275,34.275519,-118.38254
770555,34.273773,-118.367538
770290,34.272608,-118.355391
770200,34.262037,-118.331922
770187,34.259795,-118.329713
770141,34.234987,-118.294031
770129,34.234984,-118.290562
769965,34.232554,-118.271772
769911,34.224897,-118.251344
769867,34.218652,-118.239558
769926,34.214462,-118.232443
770401,34.211095,-118.225948
770386,34.207155,-118.2137
769941,34.207101,-118.204943
769953,34.206998,-118.201441
769983,34.203186,-118.191671
769807,34.197068,-118.184827
770000,34.19198,-118.181214
717615,34.182539,-118.171545
717622,34.176273,-118.161942
770568,34.165922,-118.158257
717624,34.164368,-118.158093
770579,34.156597,-118.157944
717627,34.15225,-118.154678
717630,34.152218,-118.14821
764137,34.152092,-118.143249
717634,34.15195,-118.13555
717637,34.152357,-118.123714
717642,34.1527,-118.102255
717644,34.152727,-118.098063
717649,34.148074,-118.08377
717653,34.148737,-118.071321
717657,34.148823,-118.069206
717661,34.148876,-118.066773
773179,34.148892,-118.057432
717663,34.14889,-118.055903
717664,34.148916,-118.052166
717669,34.148355,-118.034499
764146,34.14791,-118.031417
773194,34.143728,-118.022315
761342,34.141791,-118.018365
761356,34.135576,-118.003558
718210,34.135547,-117.988695
761374,34.135484,-117.97979
769702,34.13568,-117.967942
769722,34.135685,-117.964445
717673,34.13492,-117.959306
775795,34.133605,-117.954304
772858,34.130886,-117.946237
772873,34.129017,-117.939742
717674,34.129595,-117.935
717675,34.130142,-117.932676
772888,34.129156,-117.923041
717676,34.12721,-117.917059
717678,34.120999,-117.908877
717682,34.120813,-117.90718
772902,34.121215,-117.902335
717685,34.121161,-117.896071
772918,34.121071,-117.881454
717686,34.120839,-117.874498
772933,34.117234,-117.861438
772954,34.117587,-117.856255
717694,34.117701,-117.847619
769744,34.121013,-117.834452
718047,34.121259,-117.830969
772967,34.120411,-117.820528
771618,34.119932,-117.809917
769136,34.120043,-117.789799
769150,34.120189,-117.786499
767898,34.119589,-117.771693
767910,34.119673,-117.76472
767940,34.119659,-117.748981
767955,34.120595,-117.735211
767986,34.120489,-117.728247
768000,34.120381,-117.720237
768014,34.120213,-117.710836
768028,34.120029,-117.702145
768055,34.122146,-117.695126
771826,33.787054,-118.094505
717696,33.791829,-118.100867
718219,33.796718,-118.107431
717701,33.802431,-118.115997
717703,33.802865,-118.128314
718227,33.802923,-118.133344
717706,33.805639,-118.141821
717709,33.806208,-118.144497
716632,33.807173,-118.150983
771845,33.809267,-118.157166
717711,33.812037,-118.162485
717713,33.813266,-118.166414
717715,33.813802,-118.168227
717717,33.814416,-118.177538
717719,33.814996,-118.183577
717720,33.816753,-118.18802
717721,33.819612,-118.191829
771863,33.821489,-118.195048
717723,33.824899,-118.20179
771877,33.826587,-118.208548
717727,33.825614,-118.215047
771898,33.825373,-118.222223
717729,33.825518,-118.226232
771915,33.825932,-118.233155
718251,33.825976,-118.240051
775936,33.826405,-118.249664
717733,33.832936,-118.25697
771939,33.835595,-118.259571
717735,33.840237,-118.264144
716659,33.845809,-118.269724
766505,33.848064,-118.272687
718259,33.852884,-118.279686
716663,33.858551,-118.287766
717740,33.859338,-118.289828
717742,33.859963,-118.298466
717744,33.859955,-118.307741
716670,33.862176,-118.318174
718266,33.86453,-118.3259
718267,33.867312,-118.335177
717750,33.873958,-118.342856
717752,33.878338,-118.345949
717755,33.884045,-118.351506
717758,33.890483,-118.360485
717760,33.8919,-118.362464
717763,33.900921,-118.370315
717765,33.903819,-118.370313
716689,33.906863,-118.370302
717769,33.915198,-118.370234
761455,33.918874,-118.36955
716694,33.921751,-118.368902
759427,33.932781,-118.368223
761482,33.951752,-118.368991
717776,33.961638,-118.36932
717777,33.963205,-118.369661
764583,33.965167,-118.370291
717779,33.971707,-118.377522
771969,33.978135,-118.390097
718291,33.981278,-118.393836
769496,33.98849,-118.399537
718292,33.990323,-118.400988
768643,33.998742,-118.407685
717787,34.004889,-118.412552
717790,34.010379,-118.41687
772437,34.013859,-118.419645
716714,34.018964,-118.42366
772455,34.019206,-118.423854
718500,34.026728,-118.429807
768969,34.030852,-118.433072
717794,34.038204,-118.439159
716720,34.042287,-118.44249
717797,34.047963,-118.44737
775155,34.052632,-118.449662
717798,34.055946,-118.452118
775261,34.0624,-118.457437
717799,34.065808,-118.460396
717800,34.07238,-118.466123
717801,34.077939,-118.470493
775137,34.088064,-118.475109
717804,34.095833,-118.476524
775183,34.102985,-118.477246
716733,34.11048,-118.481488
775120,34.11879,-118.481253
717806,34.125144,-118.47636
716738,34.133767,-118.472292
716739,34.141958,-118.471286
775225,34.145971,-118.470484
767812,34.168209,-118.468498
717818,34.172831,-118.467569
767351,34.180527,-118.470463
717819,34.188192,-118.474075
717823,34.202543,-118.473233
767367,34.213275,-118.473134
717825,34.222979,-118.473083
717827,34.237367,-118.472933
771808,34.249268,-118.472234
771767,34.256535,-118.472044
772011,34.281744,-118.468905
772024,34.287473,-118.467596
771825,33.786942,-118.094686
717697,33.79164,-118.10099
717699,33.794536,-118.10487
718221,33.800308,-118.112651
718223,33.802629,-118.12381
718226,33.802649,-118.128338
716626,33.802703,-118.13339
718229,33.803094,-118.137329
718232,33.805815,-118.143415
717710,33.806934,-118.151138
771846,33.809074,-118.157336
718235,33.811173,-118.161074
718238,33.813053,-118.166482
718240,33.814193,-118.176143
718243,33.814807,-118.183838
718242,33.815698,-118.186295
718245,33.818022,-118.190184
771864,33.821302,-118.195219
717724,33.824728,-118.201883
771879,33.826384,-118.20858
718247,33.825332,-118.215513
771897,33.82515,-118.222222
718249,33.825229,-118.225244
771914,33.825703,-118.233178
717731,33.825757,-118.24005
771925,33.826193,-118.24972
718253,33.830851,-118.255253
771938,33.835431,-118.259732
774327,33.838786,-118.263002
718256,33.840128,-118.264312
766493,33.845636,-118.269942
716660,33.847883,-118.272889
718258,33.852707,-118.279831
769248,33.858342,-118.287867
769195,33.85914,-118.289912
761526,33.859717,-118.298546
718262,33.85998,-118.31095
717746,33.861991,-118.318254
718265,33.864701,-118.327312
716674,33.867122,-118.335344
764604,33.871474,-118.341378
717751,33.873847,-118.343065
717753,33.878203,-118.346171
718275,33.885033,-118.353285
718479,33.89032,-118.360662
718277,33.891266,-118.361985
718280,33.90085,-118.370549
717766,33.90684,-118.370538
759422,33.914766,-118.370486
761541,33.91767,-118.370052
761552,33.921786,-118.369125
764598,33.928621,-118.368522
764590,33.930217,-118.368535
767827,33.932756,-118.368505
718284,33.941969,-118.368525
765153,33.947774,-118.368562
764572,33.963142,-118.369897
764578,33.965086,-118.370528
718287,33.971543,-118.377669
771954,33.976541,-118.387273
718290,33.981148,-118.394054
764567,33.986242,-118.398076
764671,33.990121,-118.401139
761500,33.998479,-118.407756
717788,34.004651,-118.412662
718296,34.010121,-118.416943
772438,34.01375,-118.419839
772527,34.018854,-118.423874
772454,34.019097,-118.424066
718297,34.026631,-118.430023
768968,34.030752,-118.433309
775165,34.033563,-118.436492
717795,34.038114,-118.439397
716719,34.042214,-118.442698
718300,34.046105,-118.44607
718302,34.052401,-118.449849
775156,34.052538,-118.449904
718304,34.056927,-118.453241
718308,34.062316,-118.45765
775249,34.065723,-118.460607
775239,34.071567,-118.465753
718310,34.073269,-118.467097
775136,34.088256,-118.475372
718312,34.096057,-118.47685
775184,34.102911,-118.477469
718314,34.110424,-118.481702
775121,34.118968,-118.481445
718315,34.120834,-118.480151
717807,34.133964,-118.47252
764754,34.142078,-118.471554
717809,34.146041,-118.470721
717816,34.155321,-118.468529
765171,34.168246,-118.468752
767053,34.169308,-118.468207
767350,34.18056,-118.470784
765265,34.185796,-118.47407
765273,34.188237,-118.474342
717821,34.199504,-118.473939
737529,34.202228,-118.473512
767366,34.21309,-118.473357
717824,34.220042,-118.473313
717826,34.234235,-118.473205
768626,34.237277,-118.473175
771807,34.249256,-118.472492
717828,34.255035,-118.472413
717829,34.256625,-118.472419
771997,34.276797,-118.470607
771981,34.279568,-118.469694
772025,34.28742,-118.467814
717831,33.809588,-118.081304
773712,33.811752,-118.081294
761844,33.821171,-118.081273
773723,33.827898,-118.082496
717836,33.830383,-118.083453
717839,33.832657,-118.084601
716760,33.838278,-118.087885
717143,33.844957,-118.091715
717844,33.84679,-118.092752
773736,33.851922,-118.09452
717850,33.857321,-118.09579
717851,33.859308,-118.096265
717854,33.86612,-118.098646
767233,33.872931,-118.101112
773743,33.877092,-118.102657
773749,33.878493,-118.103113
717857,33.881766,-118.103878
717858,33.886691,-118.104261
717863,33.888878,-118.104376
716784,33.894297,-118.104669
766851,33.902407,-118.105114
716788,33.903565,-118.10513
717864,33.909354,-118.104924
761675,33.916153,-118.104585
718466,33.92193,-118.104318
717875,33.926206,-118.1036
769513,33.936927,-118.098751
717879,33.942882,-118.09562
717881,33.951332,-118.090846
716800,33.958124,-118.087014
717888,33.966404,-118.083604
717893,33.972857,-118.080336
717897,33.979377,-118.077076
717903,33.9855,-118.071807
717906,33.992148,-118.069414
717909,33.994533,-118.068855
717915,34.003288,-118.064985
717922,34.005361,-118.06248
716819,34.009316,-118.057906
717926,34.01677,-118.05412
717929,34.018698,-118.051437
717934,34.026653,-118.038537
717940,34.028108,-118.035925
716829,34.030914,-118.031047
775689,34.044907,-118.009503
716834,34.053746,-118.004464
717945,34.05556,-118.003436
763683,34.062218,-118.000416
776020,34.07235,-117.999431
773774,34.085033,-117.996438
717956,34.093924,-117.988767
773785,34.097894,-117.98553
767678,34.106202,-117.982407
716841,34.114761,-117.977832
717958,34.11687,-117.975459
773795,34.12006,-117.970742
773807,34.125482,-117.964907
717832,33.80915,-118.081596
773711,33.811752,-118.08157
737504,33.821152,-118.081557
773724,33.827839,-118.082741
717833,33.830177,-118.08363
717838,33.832579,-118.084831
717842,33.838214,-118.088062
717843,33.844875,-118.091947
717846,33.846711,-118.092994
773737,33.851874,-118.094684
717847,33.857271,-118.09599
717853,33.859402,-118.096491
716775,33.866067,-118.098862
716776,33.87427,-118.101893
716778,33.881753,-118.104077
717859,33.886248,-118.104435
717862,33.888287,-118.10455
717865,33.894293,-118.104912
717867,33.900526,-118.105238
717871,33.902261,-118.105349
717848,33.907474,-118.105239
764001,33.908921,-118.10517
737152,33.917606,-118.104793
717872,33.923989,-118.104406
717877,33.935212,-118.099885
716797,33.942967,-118.095825
717884,33.950974,-118.091381
717885,33.958207,-118.087265
717887,33.966467,-118.083807
717894,33.972515,-118.080722
717896,33.974742,-118.079877
717898,33.980513,-118.076242
716810,33.985594,-118.072012
717907,33.992205,-118.069649
717912,33.994073,-118.069196
717914,34.004272,-118.064134
764021,34.004792,-118.063514
717924,34.009472,-118.058066
717925,34.01717,-118.05398
717930,34.01886,-118.051593
717933,34.026807,-118.038666
717942,34.028263,-118.036063
717943,34.031082,-118.03122
775690,34.045005,-118.009709
763689,34.062222,-118.000626
776019,34.072359,-117.999767
717951,34.074896,-117.998897
773773,34.085128,-117.996724
765501,34.089665,-117.99394
773784,34.09799,-117.985785
763616,34.106905,-117.982368
717957,34.114904,-117.97806
773796,34.120181,-117.970962
773798,34.125606,-117.965149
772689,33.788736,-118.207663
774411,33.806183,-118.207214
774444,33.82419,-118.20687
717962,33.849095,-118.205202
717966,33.864017,-118.19821
774373,33.868842,-118.1953
717968,33.879953,-118.191917
761734,33.891258,-118.18823
718488,33.89529,-118.187593
717770,33.902585,-118.185914
718102,33.905011,-118.184089
718492,33.907361,-118.181983
717977,33.915802,-118.179338
717660,33.918675,-118.178732
768984,33.924434,-118.177677
718151,33.929626,-118.178731
717983,33.931754,-118.178439
774359,33.939137,-118.171805
717992,33.949445,-118.170327
717995,33.950741,-118.170417
718147,33.968571,-118.167682
718320,34.000423,-118.174959
763468,34.014914,-118.172242
718014,34.019763,-118.173271
768978,34.022735,-118.172717
718016,34.032849,-118.170134
772711,33.788737,-118.207896
774389,33.806185,-118.207378
774445,33.824173,-118.207084
717960,33.848404,-118.20545
717963,33.861086,-118.200442
774372,33.868933,-118.195568
716847,33.877433,-118.192776
717970,33.887504,-118.18958
761851,33.8953,-118.187843
717975,33.900287,-118.18707
717972,33.903982,-118.185282
761761,33.906773,-118.182716
718493,33.907395,-118.182244
717978,33.915832,-118.179574
716857,33.924409,-118.177989
717980,33.92992,-118.178962
761776,33.93079,-118.178918
774358,33.9392,-118.171985
717986,33.949462,-118.170596
717989,33.950759,-118.170667
718002,33.966186,-118.168485
718008,33.997066,-118.176999
718012,34.005785,-118.172807
716891,34.014955,-118.172721
718321,34.019379,-118.17355
716875,34.022791,-118.172955
718017,34.0344,-118.170119
718018,34.039459,-118.170157
801232,34.082149,-117.697705
801237,34.086058,-117.68797
801239,34.087191,-117.67832
801243,34.087182,-117.669959
801245,34.087226,-117.660445
801250,34.087267,-117.648858
801255,34.082592,-117.632187
801261,34.077163,-117.622804
801269,34.069468,-117.608734
806774,34.067505,-117.596444
806751,34.067476,-117.591
826150,34.067452,-117.58236
801286,34.06745,-117.576784
801284,34.067456,-117.574833
801289,34.067404,-117.569207
817213,34.067352,-117.559101
818158,34.067268,-117.540341
813058,34.067374,-117.524698
813079,34.067341,-117.525763
818549,34.065771,-117.507227
818159,34.065528,-117.498594
825534,34.065877,-117.490966
825570,34.065957,-117.485675
818553,34.066037,-117.477762
818161,34.066275,-117.467302
824754,34.066706,-117.455897
824715,34.066794,-117.450798
813333,34.067191,-117.433523
818190,34.06732,-117.422005
818163,34.067601,-117.409788
824108,34.068221,-117.398261
824203,34.068162,-117.390764
825360,34.068638,-117.372337
825334,34.068716,-117.367155
824024,34.068881,-117.355483
824226,34.068718,-117.349801
824044,34.067825,-117.337642
824180,34.066725,-117.333745
824679,34.066078,-117.326793
824122,34.065352,-117.32033
824697,34.064898,-117.315601
824164,34.0649,-117.31024
816966,34.064063,-117.296362
816450,34.063379,-117.291302
816464,34.063943,-117.276468
816419,34.064011,-117.263528
816480,34.064883,-117.25872
816401,34.06649,-117.246445
816494,34.066472,-117.24163
816383,34.06648,-117.228559
816509,34.06648,-117.224079
822504,34.066438,-117.21142
818176,34.064675,-117.199134
819038,34.061604,-117.186015
819047,34.061645,-117.182543
818178,34.061501,-117.179085
818202,34.053586,-117.162796
818582,34.043365,-117.156444
818204,34.03848,-117.152837
818584,34.034505,-117.143589
818200,34.03238,-117.137096
818579,34.029765,-117.130855
818586,34.027416,-117.122707
818206,34.026003,-117.117808
818576,34.022899,-117.106274
818577,34.016113,-117.095012
818573,34.014262,-117.083073
818194,34.011506,-117.071401
819051,34.004853,-117.065666
819048,34.001125,-117.063677
819053,33.994069,-117.059261
819054,33.990893,-117.057054
819186,33.977902,-117.049472
819059,33.96822,-117.035897
819056,33.967254,-117.034163
819183,33.960486,-117.024179
819185,33.954137,-117.014672
819063,33.946305,-117.00443
819060,33.943954,-117.002393
819180,33.936993,-116.996116
819181,33.933675,-116.991362
825787,33.927028,-116.979345
825767,33.926927,-116.974913
821286,33.926955,-116.952203
821297,33.925997,-116.926118
822607,33.924215,-116.900189
822618,33.924175,-116.875902
821308,33.926109,-116.852923
821320,33.931351,-116.82597
821334,33.919176,-116.801121
821344,33.918661,-116.776922
821355,33.924603,-116.737846
822961,33.924439,-116.69367
821366,33.922197,-116.664308
822972,33.918303,-116.624058
826548,33.904722,-116.548325
826536,33.903367,-116.540646
826880,33.879612,-116.503945
826892,33.877217,-116.501138
825221,33.851389,-116.46209
825235,33.851028,-116.461482
825210,33.847477,-116.455436
821428,33.841628,-116.445598
825399,33.807585,-116.391149
825418,33.805981,-116.387622
822992,33.798338,-116.375675
823002,33.777031,-116.339754
821437,33.760083,-116.300678
823011,33.73924,-116.234537
819910,33.724433,-116.200107
821461,33.714989,-116.172734
821476,33.699564,-116.087904
821837,33.679284,-115.996905
822670,33.66299,-115.854937
822684,33.659914,-115.756122
822747,33.703775,-115.329715
822768,33.670533,-115.204344
822800,33.629131,-115.06976
822823,33.606391,-114.9197
822849,33.609855,-114.782835
822894,33.607355,-114.559708
801230,34.082004,-117.699964
801234,34.085065,-117.690768
801240,34.087371,-117.678405
801241,34.087447,-117.672326
801246,34.08742,-117.660463
801247,34.087466,-117.653559
801256,34.082791,-117.632057
801259,34.078035,-117.62377
801265,34.071145,-117.611844
801267,34.070549,-117.61069
820071,34.069681,-117.608589
806574,34.068056,-117.599428
820202,34.067723,-117.590995
801277,34.067702,-117.582357
801279,34.067681,-117.577307
801282,34.067676,-117.574695
801288,34.067651,-117.56921
817198,34.067614,-117.561479
818157,34.067509,-117.540343
813048,34.067664,-117.525792
813068,34.067757,-117.523472
825018,34.067886,-117.516956
818550,34.066043,-117.507141
818160,34.065784,-117.498545
825531,34.066086,-117.490952
825549,34.066222,-117.487761
825572,34.066154,-117.48567
818554,34.06629,-117.477757
818162,34.06653,-117.4673
824752,34.066894,-117.455891
824734,34.067023,-117.45337
824717,34.06697,-117.450791
813316,34.06747,-117.435261
818191,34.067621,-117.422014
818165,34.067903,-117.409812
824105,34.068488,-117.398293
824205,34.068429,-117.390796
825359,34.068809,-117.372329
825337,34.068886,-117.367148
824021,34.069074,-117.35548
824232,34.068945,-117.349789
824042,34.06802,-117.337555
824183,34.066915,-117.333655
824677,34.066279,-117.326735
824125,34.065567,-117.3203
824695,34.065101,-117.315591
824166,34.065154,-117.31025
816967,34.064321,-117.296306
816446,34.063642,-117.29129
816432,34.064143,-117.275764
816418,34.064205,-117.263584
826356,34.064717,-117.260381
816481,34.065082,-117.258783
816400,34.066685,-117.246498
816495,34.066683,-117.241667
816382,34.066697,-117.228549
816510,34.066697,-117.224052
816364,34.066712,-117.211337
818177,34.064843,-117.199026
819045,34.061881,-117.185999
819046,34.061901,-117.182495
818179,34.061758,-117.179004
818203,34.053785,-117.162542
818581,34.043534,-117.156152
818205,34.038658,-117.152579
818583,34.034707,-117.14336
818201,34.032525,-117.13692
818580,34.029926,-117.130696
818585,34.027616,-117.122569
824917,34.027214,-117.120359
818207,34.026179,-117.11768
818575,34.023074,-117.106116
818196,34.017936,-117.097717
818578,34.016308,-117.094852
818574,34.014482,-117.082986
818195,34.011693,-117.071252
819050,34.004871,-117.065359
819049,34.001236,-117.063378
819052,33.994143,-117.05907
819055,33.990981,-117.056838
819187,33.977985,-117.049287
819058,33.968316,-117.035702
819057,33.967374,-117.03395
819182,33.96061,-117.02396
819184,33.954259,-117.014462
819062,33.946426,-117.004228
819061,33.944073,-117.002198
819179,33.937147,-116.995923
820854,33.932657,-116.98796
825784,33.927261,-116.97923
821287,33.927129,-116.952195
821298,33.926239,-116.926106
822608,33.924454,-116.900172
822619,33.924391,-116.875904
821309,33.926305,-116.853059
821319,33.931575,-116.825943
821333,33.919406,-116.801108
821345,33.91889,-116.776967
821356,33.924861,-116.737912
822962,33.924676,-116.693738
821367,33.922525,-116.664274
822973,33.918566,-116.624009
826507,33.90497,-116.549629
826537,33.903584,-116.540577
826925,33.882383,-116.506785
826903,33.880119,-116.504091
825197,33.851612,-116.461887
825248,33.851321,-116.46139
825216,33.847683,-116.455226
821429,33.84182,-116.445317
825397,33.807737,-116.390832
825416,33.806107,-116.387385
822993,33.79852,-116.375481
823003,33.777234,-116.339615
821438,33.760271,-116.300589
823012,33.739634,-116.234541
820847,33.727328,-116.202862
826277,33.715234,-116.172477
826281,33.700205,-116.087711
822705,33.671741,-115.609641
822726,33.696475,-115.479671
822769,33.670816,-115.204213
822801,33.629406,-115.069615
822824,33.606692,-114.919716
822850,33.610157,-114.782839
822895,33.607656,-114.559672
816994,33.439131,-117.138773
817007,33.454672,-117.135378
817019,33.463363,-117.136052
817029,33.481651,-117.140861
817741,33.497398,-117.148737
817743,33.51061,-117.155704
817745,33.522306,-117.162615
817404,33.524833,-117.164331
817746,33.533549,-117.170592
823649,33.563792,-117.204474
823636,33.56728,-117.209105
817143,33.575299,-117.219606
817152,33.584125,-117.231108
823866,33.594047,-117.243051
823778,33.597751,-117.246451
817370,33.603554,-117.251784
817755,33.609314,-117.25703
817372,33.613942,-117.261198
817757,33.62315,-117.269575
817374,33.627956,-117.27345
817376,33.641724,-117.283119
823588,33.650593,-117.289069
817759,33.660391,-117.296525
817382,33.663701,-117.299945
817384,33.6718,-117.312214
817761,33.675169,-117.319849
817386,33.678857,-117.325141
817763,33.690092,-117.335453
817388,33.693488,-117.338829
817765,33.705512,-117.356109
817390,33.70784,-117.35816
817767,33.718682,-117.363035
817769,33.727828,-117.378106
817771,33.730194,-117.391749
817392,33.731334,-117.400198
817773,33.7335,-117.415214
817394,33.743691,-117.441654
823401,33.747649,-117.450375
823418,33.749488,-117.452968
817779,33.759053,-117.464114
817781,33.766306,-117.476727
826613,33.774705,-117.485844
826595,33.780628,-117.489416
817785,33.79244,-117.498019
826651,33.805121,-117.506219
826629,33.810166,-117.508817
817789,33.815628,-117.512036
819634,33.826912,-117.525218
827314,33.830361,-117.528523
827299,33.841805,-117.534443
801290,33.847078,-117.534347
806151,33.851534,-117.534464
806176,33.854227,-117.535177
819153,33.864636,-117.540828
801301,33.866255,-117.542279
806224,33.881283,-117.546824
808622,33.885735,-117.549836
806218,33.891211,-117.55472
819857,33.896716,-117.558896
801322,33.900788,-117.559985
801325,33.907303,-117.559044
801327,33.910359,-117.558301
801329,33.914275,-117.55745
801331,33.917527,-117.556895
801335,33.924745,-117.556298
819878,33.938958,-117.555693
808210,33.940403,-117.555573
807790,33.942641,-117.555355
807804,33.963182,-117.548717
819903,33.972577,-117.54872
808109,33.977209,-117.548729
807811,33.989044,-117.549521
815347,34.002522,-117.55014
807818,34.012446,-117.550091
808916,34.033324,-117.550033
805628,34.047542,-117.549813
805631,34.050735,-117.548828
808131,34.061786,-117.544797
809498,34.079216,-117.544634
810190,34.09224,-117.5437
808273,34.105099,-117.533364
808292,34.113314,-117.523425
808345,34.117435,-117.518433
827241,34.124214,-117.510165
810124,34.138786,-117.492723
810131,34.140762,-117.490347
808372,34.148611,-117.480879
810165,34.153033,-117.475525
808392,34.159548,-117.467658
826013,34.163808,-117.462524
825987,34.166465,-117.459334
825818,34.183311,-117.434592
808474,34.187898,-117.428918
808512,34.194426,-117.420155
808584,34.195059,-117.419623
827195,34.197257,-117.418222
827014,34.200123,-117.41665
827036,34.206137,-117.41355
827112,34.221289,-117.409993
821709,34.262524,-117.449481
821720,34.289858,-117.451721
821735,34.313072,-117.476152
821743,34.33771,-117.479464
821750,34.344784,-117.446593
821760,34.365401,-117.430279
825474,34.380383,-117.417284
825432,34.384545,-117.413933
821771,34.391565,-117.408247
821780,34.409619,-117.393602
821789,34.42543,-117.381252
821798,34.444926,-117.366034
821807,34.468063,-117.347925
823834,34.485276,-117.335301
823810,34.486819,-117.33433
821196,34.502141,-117.324754
821207,34.52322,-117.318458
820893,34.577351,-117.271483
820913,34.627675,-117.230453
820952,34.711471,-117.199988
820994,34.781913,-117.130846
821217,34.83683,-117.089657
821250,34.885902,-117.044673
821171,34.905717,-116.951987
821264,34.911014,-116.821375
821844,34.916099,-116.779891
821865,34.953931,-116.666518
821917,35.008339,-116.538019
821976,35.043676,-116.45363
822005,35.08783,-116.337818
822026,35.127781,-116.218731
822057,35.185791,-116.163099
822064,35.200781,-116.120818
822088,35.279079,-116.049186
822097,35.30315,-116.015051
822115,35.34991,-115.940782
822133,35.383477,-115.861276
822142,35.394245,-115.824605
822156,35.421017,-115.738853
822164,35.435335,-115.698234
822257,35.474371,-115.57996
822272,35.467648,-115.493629
822193,35.499812,-115.437051
822202,35.532668,-115.422938
822216,35.602384,-115.393162
817737,33.439221,-117.139262
817009,33.454667,-117.135831
817018,33.463321,-117.136524
817030,33.481571,-117.141221
817740,33.497276,-117.149129
817742,33.510492,-117.156015
817744,33.52215,-117.16295
817405,33.524688,-117.164639
823663,33.563773,-117.205051
823677,33.566875,-117.20919
817144,33.575084,-117.219938
817153,33.583902,-117.231429
823792,33.593802,-117.243386
823865,33.597502,-117.246793
817371,33.603314,-117.252125
817754,33.609084,-117.257383
817373,33.613692,-117.261611
817756,33.62298,-117.269997
817375,33.627791,-117.273898
817377,33.641546,-117.283515
817381,33.650369,-117.289463
817758,33.660171,-117.296799
817383,33.663461,-117.300212
817385,33.671529,-117.312467
817760,33.674907,-117.320107
817387,33.678616,-117.325391
817762,33.689862,-117.335735
817389,33.693266,-117.339111
817764,33.705341,-117.35645
817391,33.707671,-117.358497
817766,33.718425,-117.363307
817768,33.727501,-117.378219
817770,33.729874,-117.391752
817393,33.730982,-117.400243
817772,33.733177,-117.415347
817395,33.743387,-117.441902
823400,33.747391,-117.450591
823421,33.749196,-117.45322
817778,33.758791,-117.46433
817780,33.766056,-117.476933
826612,33.774439,-117.486064
826598,33.78039,-117.489635
817784,33.792275,-117.498278
826648,33.805006,-117.506582
826631,33.810072,-117.509114
817788,33.8155,-117.512331
827311,33.830257,-117.528798
827296,33.84181,-117.534887
801291,33.847078,-117.534741
825840,33.851494,-117.534879
826038,33.854163,-117.535583
827279,33.863623,-117.540246
801302,33.866052,-117.54266
826074,33.881192,-117.54713
826159,33.885556,-117.550119
826339,33.890988,-117.555064
801320,33.896559,-117.55927
819852,33.900653,-117.560375
801324,33.907319,-117.559432
801328,33.910412,-117.558687
801330,33.914317,-117.557832
801332,33.917555,-117.557262
826055,33.92475,-117.556684
808191,33.938948,-117.556054
825849,33.942636,-117.555699
826139,33.96318,-117.548969
807897,33.972586,-117.549004
826017,33.989038,-117.549788
815317,33.997387,-117.550465
815332,34.001727,-117.55055
826025,34.012446,-117.550501
825845,34.033319,-117.550489
805627,34.047527,-117.550244
805632,34.050722,-117.549261
825661,34.061792,-117.545168
809485,34.076309,-117.545031
823695,34.0923,-117.54408
808232,34.10328,-117.536081
808254,34.104298,-117.534863
808293,34.113622,-117.523695
808325,34.117754,-117.518671
826496,34.121708,-117.513831
827261,34.124501,-117.510442
823715,34.139017,-117.492993
823720,34.141001,-117.490613
808373,34.148779,-117.481222
810143,34.151077,-117.478415
808393,34.159602,-117.468187
826010,34.16381,-117.463115
825990,34.166487,-117.459914
808412,34.174712,-117.447638
825820,34.183583,-117.434881
808485,34.188104,-117.429236
808525,34.194576,-117.420479
808586,34.195209,-117.419954
827194,34.197395,-117.418556
827015,34.200251,-117.416999
827038,34.206239,-117.413895
827111,34.221356,-117.410373
821736,34.313112,-117.47662
822228,34.336861,-117.482534
822234,34.344495,-117.456115
821761,34.365556,-117.430536
825472,34.380527,-117.417531
825455,34.382661,-117.415813
821772,34.391707,-117.408501
821781,34.409732,-117.393829
821790,34.425532,-117.381491
821799,34.445014,-117.366257
821808,34.468163,-117.348176
823831,34.485368,-117.33555
823813,34.486911,-117.334579
821197,34.502221,-117.32498
821208,34.523314,-117.318763
820894,34.577458,-117.27167
821051,34.627766,-117.230645
821063,34.711555,-117.200192
821071,34.782032,-117.131069
821218,34.836888,-117.089894
821251,34.886258,-117.044707
821172,34.905964,-116.952009
821265,34.911268,-116.82145
821845,34.916502,-116.779996
821866,34.954287,-116.666706
821918,35.008645,-116.538262
821977,35.043986,-116.453859
822006,35.088199,-116.337915
822027,35.128058,-116.219076
822058,35.186114,-116.163352
822065,35.20106,-116.121119
822089,35.279208,-116.049496
822098,35.303433,-116.015368
822116,35.350198,-115.941069
822134,35.383816,-115.861482
822143,35.394597,-115.824816
822157,35.421394,-115.739012
822165,35.4357,-115.698368
822258,35.475022,-115.580222
822222,35.470142,-115.498697
822194,35.499937,-115.437451
822203,35.532767,-115.423394
822217,35.602653,-115.393462
809912,34.0259,-117.723013
809952,34.030098,-117.711938
801338,34.030011,-117.70991
801344,34.03012,-117.692625
801346,34.030152,-117.68643
820634,34.030183,-117.682108
801350,34.030244,-117.670938
801352,34.030268,-117.664687
809968,34.030289,-117.661169
801356,34.030314,-117.654027
801358,34.03033,-117.647377
809977,34.030369,-117.638482
801362,34.030383,-117.630981
801364,34.030392,-117.625446
801368,34.03045,-117.613871
801370,34.03045,-117.607779
801374,34.030496,-117.595962
801376,34.030487,-117.590566
809986,34.03051,-117.585573
801380,34.029685,-117.578854
820001,34.028347,-117.574003
819973,34.024701,-117.561268
801390,34.022726,-117.554084
821533,34.014135,-117.450424
821611,34.005749,-117.414785
817553,33.995896,-117.363587
801394,33.942128,-117.276661
801398,33.940689,-117.264258
801402,33.940779,-117.258321
801407,33.941022,-117.241174
801411,33.940195,-117.229112
810316,33.939193,-117.222169
824056,33.939137,-117.189468
823978,33.939158,-117.178553
820712,33.939156,-117.138817
820719,33.938014,-117.128544
823190,33.933364,-117.000068
825668,34.026162,-117.723076
825867,34.02986,-117.711844
801337,34.030239,-117.710395
801341,34.030319,-117.705193
801343,34.030386,-117.693001
801347,34.030408,-117.686616
809960,34.030448,-117.682103
801349,34.030502,-117.671087
801353,34.03052,-117.66496
826166,34.030521,-117.661163
801355,34.03055,-117.654217
801359,34.030577,-117.647377
825676,34.030609,-117.638485
801361,34.030623,-117.631124
801365,34.030646,-117.625451
801367,34.03068,-117.61388
801371,34.030672,-117.607997
801373,34.0307,-117.595966
801377,34.030718,-117.59057
825874,34.030721,-117.585573
801379,34.029996,-117.57913
801383,34.028461,-117.573456
801387,34.024988,-117.561183
801391,34.022943,-117.554045
821532,34.014413,-117.450342
821610,34.005939,-117.414731
808945,33.942498,-117.277554
801397,33.940876,-117.264242
801400,33.940948,-117.259999
801404,33.941149,-117.246877
801408,33.941223,-117.241153
801410,33.94038,-117.229089
824069,33.93934,-117.190681
820713,33.939336,-117.138813
820720,33.938185,-117.128548
823191,33.933525,-117.00007
812588,34.013604,-117.736209
823571,34.011226,-117.73328
812609,34.004823,-117.726903
812648,34.002232,-117.724672
825115,34.00054,-117.723641
812654,33.986055,-117.712124
825121,33.980358,-117.705456
812776,33.971359,-117.692861
812800,33.968949,-117.690507
812744,33.956585,-117.680542
812821,33.951061,-117.676512
825150,33.946389,-117.673435
812730,33.933857,-117.662078
812704,33.930912,-117.65946
825154,33.928576,-117.657719
823210,33.91818,-117.652578
821618,33.909701,-117.649614
821625,33.898272,-117.646483
821632,33.889494,-117.646159
812586,34.016511,-117.741124
824530,34.012036,-117.734592
812601,34.009478,-117.731974
825090,34.003145,-117.725734
826124,34.000398,-117.7239
812651,33.998726,-117.722897
825096,33.984684,-117.711125
812657,33.979404,-117.704182
823914,33.970247,-117.692106
812788,33.968018,-117.689906
825104,33.967883,-117.689775
812811,33.965741,-117.687782
825109,33.950128,-117.676236
812831,33.945546,-117.673171
826177,33.933302,-117.661831
812690,33.931212,-117.659983
812717,33.927953,-117.657535
823211,33.917309,-117.65238
821617,33.908626,-117.649322
821624,33.896863,-117.646659
821631,33.887924,-117.645761
823180,33.87803,-117.658212
801422,33.878697,-117.657264
801428,33.881268,-117.649232
823858,33.882912,-117.642355
801435,33.884659,-117.632803
822370,33.880712,-117.613596
801449,33.880625,-117.61289
825802,33.88064,-117.600234
801464,33.881661,-117.593724
801471,33.881934,-117.584254
801473,33.881537,-117.580389
820549,33.880108,-117.567165
801485,33.879688,-117.563356
826582,33.879427,-117.561154
801488,33.879193,-117.558894
806674,33.885934,-117.518393
801493,33.886508,-117.517184
822589,33.896919,-117.494388
801502,33.896796,-117.485867
820356,33.899559,-117.474346
801509,33.900862,-117.470028
801512,33.905123,-117.458776
801515,33.907487,-117.454615
824978,33.914564,-117.442225
801520,33.914872,-117.441676
801523,33.919915,-117.432776
801528,33.926795,-117.420663
801530,33.928077,-117.418405
801533,33.932457,-117.410737
801536,33.935254,-117.405802
801538,33.936564,-117.403479
801541,33.941008,-117.396017
801544,33.945227,-117.390128
826399,33.945473,-117.389784
801546,33.947366,-117.387307
801550,33.952658,-117.384416
801552,33.954619,-117.382511
801560,33.97226,-117.374105
801562,33.974743,-117.372535
801566,33.976765,-117.371681
807830,33.981346,-117.368357
801418,33.878243,-117.658393
823132,33.878884,-117.657422
826789,33.881515,-117.64937
801431,33.883174,-117.642459
826857,33.884936,-117.632853
801445,33.880896,-117.613574
801455,33.880421,-117.602524
826865,33.880791,-117.600275
826816,33.881831,-117.593777
801469,33.882116,-117.584327
801475,33.88171,-117.580467
801481,33.88036,-117.567844
820559,33.879951,-117.564055
826663,33.879675,-117.561244
801490,33.885703,-117.519441
801496,33.897117,-117.494526
801499,33.897372,-117.488881
819114,33.89697,-117.486014
801505,33.899363,-117.475206
820364,33.900916,-117.470636
801511,33.905268,-117.458919
801516,33.907615,-117.454744
801517,33.914026,-117.443515
801521,33.915001,-117.441803
820846,33.920054,-117.432926
801527,33.926926,-117.42083
801531,33.928205,-117.418571
801534,33.932582,-117.410911
801535,33.935381,-117.405979
801539,33.936681,-117.403654
801543,33.945336,-117.390312
826405,33.945582,-117.38997
801547,33.947484,-117.387512
801549,33.952735,-117.384542
801553,33.954893,-117.38247
801559,33.972548,-117.374122
801563,33.974928,-117.372654
801565,33.976852,-117.371863
816077,33.990999,-117.359032
809294,34.124085,-117.691242
809301,34.128716,-117.68609
809308,34.133268,-117.678724
819613,34.134333,-117.671953
809336,34.134363,-117.668476
809343,34.134219,-117.661517
809211,34.134814,-117.647585
819599,34.134887,-117.638861
809259,34.134867,-117.633626
809252,34.134861,-117.632056
819552,34.13486,-117.617924
809287,34.13488,-117.614434
809172,34.134954,-117.607455
819538,34.134928,-117.596985
809202,34.135048,-117.591753
819526,34.135797,-117.577842
809022,34.136045,-117.574367
808993,34.136384,-117.567407
819514,34.136453,-117.561652
809036,34.136461,-117.556942
809070,34.136398,-117.544728
816194,34.136385,-117.542984
809117,34.136302,-117.532518
809126,34.136243,-117.52205
810280,34.136231,-117.51856
810273,34.136088,-117.511576
825929,34.136209,-117.4993
816219,34.136228,-117.490457
810245,34.136172,-117.485202
826083,34.136202,-117.473056
819478,34.136227,-117.458134
814506,34.13611,-117.449477
819484,34.136017,-117.438641
814526,34.13616,-117.433842
814480,34.136267,-117.431083
819448,34.136299,-117.417284
814211,34.136181,-117.409748
813993,34.136037,-117.40381
819142,34.135697,-117.392521
814010,34.135204,-117.385384
818723,34.135784,-117.370602
814566,34.136091,-117.36449
819498,34.134534,-117.354995
814552,34.134232,-117.351169
826110,34.134666,-117.347002
813973,34.134625,-117.340028
823328,34.134512,-117.338108
819685,34.145375,-117.290041
821645,34.142501,-117.25276
821652,34.137428,-117.240179
819702,34.131804,-117.218917
819710,34.129029,-117.20407
821660,34.115272,-117.200396
821666,34.099457,-117.20006
819716,34.090795,-117.200754
819723,34.073356,-117.200851
826061,34.124212,-117.691337
825880,34.128895,-117.686189
826068,34.133408,-117.67878
809322,34.13449,-117.671995
819605,34.134533,-117.668512
825887,34.13438,-117.661538
825893,34.135024,-117.647603
809238,34.135077,-117.638878
825899,34.135007,-117.633642
819654,34.134985,-117.632072
809273,34.135159,-117.617941
819575,34.135167,-117.61445
825905,34.135151,-117.607468
809188,34.135225,-117.596997
819545,34.13531,-117.591764
808969,34.13609,-117.577842
819532,34.136311,-117.574366
826089,34.136681,-117.567406
808998,34.136778,-117.561652
819520,34.136763,-117.556943
825911,34.136668,-117.544729
809100,34.13666,-117.542984
816211,34.136608,-117.532517
825917,34.13653,-117.52205
825923,34.13651,-117.51856
822176,34.136495,-117.511567
810266,34.136448,-117.499298
810259,34.136506,-117.490458
819460,34.136476,-117.485202
810230,34.136663,-117.473054
814499,34.136815,-117.458127
819472,34.136512,-117.449474
814514,34.136385,-117.438636
819491,34.136352,-117.435753
814533,34.136373,-117.43483
814216,34.136537,-117.416002
819454,34.136423,-117.408476
826100,34.136276,-117.402529
814027,34.135993,-117.391591
819129,34.135914,-117.384062
818721,34.136073,-117.369189
818929,34.136886,-117.363323
814548,34.134842,-117.339254
819504,34.134674,-117.335409
813995,34.145783,-117.299854
826105,34.135685,-117.331416
823327,34.136007,-117.32972
819684,34.145634,-117.290134
819695,34.144783,-117.268368
821646,34.142789,-117.252841
826170,34.137731,-117.240239
819703,34.132057,-117.21899
819709,34.129428,-117.20408
821659,34.115764,-117.200176
821667,34.099966,-117.199741
819717,34.091299,-117.200455
819728,34.073916,-117.200539
822409,33.554714,-117.180728
822400,33.557388,-117.180748
825494,33.570331,-117.18076
825601,33.595817,-117.176482
825631,33.595991,-117.176346
825587,33.601253,-117.172351
817803,33.610806,-117.17112
817813,33.619529,-117.171106
817172,33.655825,-117.171087
817819,33.667464,-117.170803
826960,33.681958,-117.170773
826976,33.683463,-117.170929
826993,33.687605,-117.172419
817821,33.704058,-117.183264
817811,33.710321,-117.187594
818594,33.818947,-117.239998
818590,33.740278,-117.189234
819188,33.744995,-117.189245
818600,33.756532,-117.189185
818213,33.765211,-117.189501
818598,33.771246,-117.196765
826465,33.782287,-117.21351
826444,33.785651,-117.218642
818215,33.790133,-117.225474
826271,33.794086,-117.229877
818592,33.797102,-117.231182
818210,33.806821,-117.234352
818602,33.842,-117.250119
818218,33.84605,-117.251956
819190,33.864982,-117.260578
825180,33.885852,-117.269215
825036,33.890148,-117.271123
819081,33.910612,-117.282321
818221,33.916523,-117.287271
818606,33.917895,-117.287828
818223,33.927999,-117.288631
819086,33.933734,-117.289503
818224,33.944689,-117.293573
801577,33.946135,-117.29695
819964,33.958394,-117.308599
801580,33.960303,-117.311575
825860,33.963201,-117.323648
820672,33.96742,-117.327473
816047,33.969488,-117.328982
801586,33.976598,-117.336172
801589,33.983955,-117.343692
801595,34.002169,-117.351318
825736,34.014054,-117.34334
816269,34.019958,-117.338996
816285,34.025116,-117.33428
816255,34.032333,-117.32655
816299,34.03513,-117.323391
816328,34.047187,-117.308032
816313,34.049392,-117.304883
806025,34.075709,-117.295507
826522,34.078416,-117.296535
806027,34.079417,-117.297146
806030,34.084626,-117.30056
806033,34.094196,-117.30177
824343,34.101122,-117.30177
824264,34.10603,-117.30219
824372,34.110181,-117.302493
824306,34.119674,-117.302599
823289,34.138214,-117.315173
823309,34.140345,-117.316669
823242,34.141911,-117.317614
823338,34.150602,-117.322743
823346,34.160668,-117.329845
818608,34.174641,-117.341951
818616,34.182677,-117.349264
818239,34.188266,-117.357203
818614,34.191972,-117.362528
818618,34.199817,-117.372805
818240,34.206785,-117.381715
818620,34.213749,-117.39063
827133,34.221007,-117.399979
827150,34.223861,-117.40656
822356,33.553319,-117.181183
822391,33.556193,-117.180952
825513,33.568677,-117.180999
825630,33.596081,-117.176555
825588,33.601346,-117.172557
825614,33.601835,-117.172342
817802,33.610863,-117.17134
817812,33.619554,-117.171323
817173,33.655815,-117.171317
817815,33.667445,-117.171029
826959,33.68193,-117.170971
826939,33.685082,-117.171505
826994,33.687543,-117.172608
817820,33.704018,-117.183511
817810,33.710294,-117.187891
818593,33.818874,-117.240261
818589,33.740277,-117.189566
819189,33.744996,-117.189589
818599,33.756511,-117.189402
818212,33.765106,-117.18974
818597,33.771139,-117.196876
826464,33.782172,-117.213612
826446,33.785554,-117.218747
818214,33.790051,-117.225621
826272,33.794027,-117.230059
818591,33.797045,-117.231408
818211,33.806765,-117.234641
818216,33.824443,-117.242077
818601,33.841922,-117.250383
818219,33.845972,-117.252211
819191,33.864892,-117.26083
825053,33.885291,-117.269327
818220,33.91644,-117.287526
818607,33.917815,-117.288091
816155,33.939239,-117.291256
818225,33.944264,-117.29445
819957,33.945872,-117.297571
816150,33.946908,-117.299605
816106,33.958259,-117.308745
819893,33.960216,-117.311857
816113,33.963064,-117.323788
816061,33.96725,-117.327701
819780,33.969353,-117.32916
816033,33.975118,-117.334939
816009,33.982732,-117.342665
825749,34.002026,-117.351595
801596,34.002216,-117.351466
825734,34.014115,-117.3435
816268,34.020039,-117.339132
816286,34.02521,-117.334408
816253,34.032437,-117.326662
816301,34.035237,-117.323494
816241,34.046528,-117.309221
819119,34.049487,-117.305027
806019,34.07566,-117.295753
826520,34.078358,-117.296717
805956,34.078489,-117.29679
806039,34.083262,-117.299897
806031,34.084569,-117.300742
805949,34.094197,-117.301941
824334,34.101134,-117.301938
824267,34.106017,-117.30263
824281,34.109982,-117.302932
824303,34.119671,-117.302954
823286,34.138117,-117.315365
823308,34.140265,-117.316827
823245,34.141834,-117.317764
823337,34.150486,-117.322968
823347,34.160559,-117.330035
818609,34.174524,-117.342125
818617,34.18255,-117.349427
818238,34.188129,-117.357359
818615,34.191838,-117.362671
818619,34.199688,-117.372951
818241,34.206635,-117.381851
827131,34.220827,-117.400083
827152,34.223697,-117.406662
1204198,33.40516,-117.597992
1204211,33.413319,-117.6021
1204230,33.420685,-117.606498
1204244,33.428811,-117.611817
1204255,33.432425,-117.615519
1210908,33.43749,-117.619773
1204268,33.440202,-117.624486
1204279,33.44466,-117.630415
1213215,33.445434,-117.631445
1204316,33.458342,-117.655008
1204328,33.459637,-117.657305
1204384,33.475073,-117.674271
1204395,33.481685,-117.669596
1204409,33.489561,-117.663255
1210926,33.495938,-117.659127
1220030,33.503442,-117.658516
1204422,33.503727,-117.658585
1210974,33.50939,-117.660803
1210991,33.513534,-117.662568
1204436,33.52247,-117.666382
1204447,33.526621,-117.66866
1204453,33.53247,-117.674488
1211107,33.537513,-117.674416
1204472,33.548817,-117.672686
1204486,33.558096,-117.672848
1204501,33.560549,-117.672791
1213570,33.569099,-117.671844
1204515,33.578849,-117.67162
1204532,33.582052,-117.67157
1213700,33.588603,-117.671484
1204546,33.597861,-117.676059
1204559,33.599252,-117.678685
1204571,33.604242,-117.68984
1204586,33.606025,-117.692734
1213527,33.60972,-117.70083
1204615,33.613883,-117.706467
1204632,33.616112,-117.70901
1204638,33.621929,-117.714379
1204672,33.629553,-117.721491
1204682,33.632102,-117.724337
1204697,33.636144,-117.72806
1204699,33.640323,-117.731437
1204703,33.644068,-117.734444
1204731,33.654371,-117.742629
1204750,33.655581,-117.743597
1204766,33.662274,-117.748817
1204787,33.66578,-117.751722
1204808,33.667646,-117.753237
1204825,33.671657,-117.755266
1220011,33.674367,-117.75591
1204861,33.67881,-117.759083
1204878,33.68378,-117.76413
1204924,33.691182,-117.768954
1204937,33.692068,-117.769532
1204950,33.700287,-117.774934
1204982,33.709761,-117.781713
1205012,33.712411,-117.784619
1205045,33.719297,-117.794408
1205071,33.719391,-117.794541
1205088,33.724394,-117.801722
1205135,33.73489,-117.817068
1205152,33.738115,-117.825811
1205157,33.739183,-117.829214
1205165,33.740283,-117.832416
1205168,33.741403,-117.835585
1205175,33.744413,-117.841283
1205193,33.750124,-117.844061
1205204,33.752049,-117.845939
1205215,33.753753,-117.848788
1205225,33.754689,-117.850781
1205262,33.760465,-117.862379
1205269,33.761599,-117.863369
1205290,33.76901,-117.86784
1205303,33.776455,-117.873886
1205320,33.781151,-117.878226
1205330,33.782039,-117.879468
1205375,33.789689,-117.887536
1205341,33.790771,-117.888724
1205380,33.795663,-117.893833
1212001,33.803764,-117.902246
1205409,33.805074,-117.903814
1212115,33.806644,-117.905829
1212216,33.811147,-117.910643
1205432,33.815354,-117.915054
1205452,33.818891,-117.918657
1205473,33.823323,-117.923123
1205493,33.832016,-117.931513
1212649,33.834815,-117.938078
1205517,33.836731,-117.943038
1205528,33.840124,-117.949259
1212588,33.843721,-117.955716
1205553,33.845442,-117.958388
1205562,33.847549,-117.962444
1205567,33.850294,-117.968011
1205590,33.854226,-117.974766
1214005,33.855211,-117.976025
1205607,33.859271,-117.98503
1216505,33.860615,-117.987649
1205623,33.863248,-117.991902
1205636,33.865195,-117.995907
1205658,33.867724,-118.00058
1216538,33.870031,-118.005021
1205680,33.874466,-118.011177
1204193,33.404943,-117.598167
1210841,33.408425,-117.599923
1204216,33.41325,-117.602338
1210856,33.416348,-117.603827
1210872,33.424652,-117.609039
1210909,33.432273,-117.615724
1210882,33.437336,-117.619943
1204273,33.440044,-117.624646
1213229,33.445303,-117.631557
1210895,33.457014,-117.653153
1211075,33.475102,-117.674584
1204390,33.481738,-117.669881
1204401,33.489176,-117.663917
1210141,33.496001,-117.659442
1204415,33.499521,-117.658583
1210972,33.5093,-117.661127
1210993,33.513441,-117.662905
1204428,33.517588,-117.664664
1204442,33.526418,-117.668912
1204458,33.53231,-117.674919
1211829,33.539447,-117.674695
1211816,33.545217,-117.673404
1204478,33.556667,-117.673131
1213571,33.569098,-117.67216
1204507,33.577397,-117.671983
1204521,33.581316,-117.671925
1213699,33.588522,-117.671829
1204538,33.595354,-117.673779
1204552,33.597607,-117.67615
1204565,33.602645,-117.687691
1204577,33.604617,-117.69087
1213528,33.609505,-117.700998
1204607,33.612561,-117.705361
1204621,33.614654,-117.707825
1204643,33.621819,-117.714838
1204650,33.627286,-117.719875
1204665,33.628454,-117.720919
1204688,33.631989,-117.724813
1204695,33.635959,-117.728446
1204701,33.640308,-117.731896
1211853,33.643978,-117.734722
1204716,33.654255,-117.74294
1204737,33.654741,-117.743323
1204761,33.662021,-117.749253
1204781,33.665581,-117.75203
1204798,33.66617,-117.7525
1204816,33.6716,-117.755616
1204841,33.674297,-117.756223
1204869,33.67863,-117.759362
1204886,33.683599,-117.764425
1204904,33.687939,-117.767277
1204944,33.700148,-117.775267
1204967,33.70706,-117.779935
1204997,33.710634,-117.783134
1205028,33.717966,-117.793071
1205062,33.72047,-117.796638
1205105,33.724136,-117.801999
1205122,33.732587,-117.814369
1205139,33.737386,-117.824499
1208976,33.738432,-117.827716
1205166,33.740098,-117.832494
1205169,33.741219,-117.835743
1205182,33.745553,-117.842538
1205189,33.749928,-117.844652
1205200,33.751759,-117.846535
1205211,33.753388,-117.849326
1205230,33.755475,-117.853795
1205246,33.757943,-117.859225
1205276,33.766429,-117.866976
1205286,33.768742,-117.868373
1205297,33.770032,-117.869238
1205310,33.776289,-117.874337
1205324,33.779824,-117.87776
1205335,33.781682,-117.880014
1205349,33.784761,-117.883653
1205364,33.791651,-117.890222
1212094,33.793517,-117.892284
1205384,33.79536,-117.894336
1205395,33.802101,-117.901359
1205421,33.804788,-117.904254
1212116,33.806478,-117.906207
1212218,33.810933,-117.910895
1205440,33.816263,-117.916397
1205463,33.82198,-117.922328
1205478,33.827601,-117.927279
1212662,33.832791,-117.933068
1212645,33.834594,-117.938264
1205508,33.8365,-117.943178
1205532,33.839851,-117.949454
1205541,33.843443,-117.955942
1212611,33.847169,-117.96276
1205572,33.85001,-117.968231
1205583,33.853961,-117.97494
1214006,33.854882,-117.976235
1205612,33.859063,-117.985205
1216506,33.860447,-117.987777
1205627,33.862901,-117.992155
1205632,33.865235,-117.996273
1216589,33.867596,-118.000667
1216530,33.869887,-118.005145
1205668,33.872567,-118.009266
1202590,33.774261,-118.034947
1214853,33.774239,-118.029233
1215236,33.774214,-118.023517
1202595,33.774214,-118.023344
1214869,33.774209,-118.0178
1202614,33.774494,-118.010537
1215092,33.774003,-118.006807
1202627,33.772807,-118.004149
1202648,33.771171,-117.994688
1202691,33.770894,-117.989845
1214938,33.770587,-117.984626
1214955,33.769467,-117.979526
1202705,33.767032,-117.976135
1202720,33.765717,-117.969658
1202742,33.765808,-117.958333
1202753,33.765809,-117.955835
1214988,33.765858,-117.951027
1215003,33.76591,-117.946095
1214805,33.765949,-117.941486
1202779,33.765995,-117.935763
1202785,33.766038,-117.929691
1215252,33.766037,-117.929518
1214894,33.76705,-117.922361
1202827,33.768707,-117.917517
1215017,33.77033,-117.913078
1202844,33.773077,-117.907372
1202855,33.775838,-117.901985
1215043,33.778512,-117.895881
1202885,33.778925,-117.889394
1214715,33.778902,-117.88618
1202901,33.778903,-117.882341
1212170,33.778882,-117.875647
1202921,33.77834,-117.872382
1202949,33.778206,-117.862808
1202964,33.776567,-117.855753
1202977,33.77516,-117.850292
1214881,33.775624,-117.846173
1215026,33.776625,-117.838553
1202574,33.774686,-118.038174
1202564,33.774521,-118.036302
1214854,33.774397,-118.029216
1215248,33.774389,-118.02351
1202599,33.77439,-118.023337
1214871,33.774371,-118.017789
1202610,33.774652,-118.010501
1215091,33.774166,-118.006721
1202631,33.772939,-118.004084
1202663,33.771348,-117.994525
1202676,33.771057,-117.989817
1214939,33.770765,-117.984576
1214954,33.769612,-117.979437
1202701,33.767155,-117.976011
1202724,33.765877,-117.96964
1202738,33.765954,-117.959407
1214972,33.765971,-117.955835
1214987,33.766001,-117.951027
1215002,33.76605,-117.946098
1214806,33.766079,-117.94149
1202766,33.766144,-117.935768
1202789,33.766181,-117.929696
1215250,33.766182,-117.929523
1202803,33.767174,-117.922445
1202814,33.768341,-117.919037
1215018,33.770454,-117.91315
1202840,33.773193,-117.907475
1202859,33.775964,-117.902076
1215044,33.77865,-117.895924
1202872,33.779085,-117.889576
1211641,33.779058,-117.886182
1202912,33.779081,-117.882183
1202929,33.779039,-117.875662
1202917,33.778461,-117.872394
1202938,33.778348,-117.863135
1202960,33.776676,-117.855696
1202981,33.775279,-117.850279
1214882,33.775744,-117.846201
1202993,33.776862,-117.838554
1203021,33.651784,-117.908497
1203035,33.655235,-117.905264
1203057,33.661052,-117.899494
1203071,33.665298,-117.895303
1203082,33.671785,-117.888101
1210205,33.672968,-117.886575
1210190,33.676702,-117.882208
1210172,33.681801,-117.877327
1203090,33.685939,-117.873498
1214373,33.688567,-117.870964
1214321,33.691451,-117.868181
1203124,33.698026,-117.861831
1203148,33.699873,-117.860155
1203172,33.708364,-117.85183
1203184,33.711314,-117.848847
1214253,33.716619,-117.843611
1203221,33.726049,-117.83503
1203254,33.732101,-117.833555
1209860,33.737088,-117.833583
1209873,33.739982,-117.83368
1209888,33.741429,-117.833698
1203303,33.749859,-117.831768
1203331,33.759105,-117.830994
1203342,33.762898,-117.830834
1215811,33.767287,-117.830905
1212938,33.773139,-117.830912
1203400,33.790409,-117.830884
1212842,33.797732,-117.831045
1212863,33.800649,-117.831527
1203428,33.809608,-117.831849
1212916,33.812203,-117.831905
1212901,33.817981,-117.831919
1212955,33.823807,-117.83192
1203468,33.837111,-117.834992
1203016,33.651901,-117.908673
1203076,33.665433,-117.895493
1210220,33.671928,-117.888309
1203084,33.673112,-117.88678
1210189,33.676789,-117.882355
1210173,33.681935,-117.87755
1203095,33.686016,-117.873635
1214322,33.691579,-117.868353
1203110,33.697495,-117.862677
1203136,33.699146,-117.861041
1218332,33.705879,-117.854598
1203188,33.711451,-117.849099
1214215,33.71674,-117.843837
1203206,33.723387,-117.837265
1203239,33.73212,-117.833996
1203266,33.739982,-117.833908
1203271,33.741429,-117.833876
1203317,33.75738,-117.831392
1215809,33.767289,-117.83108
1212935,33.773138,-117.831088
1203361,33.784755,-117.831128
1203387,33.788212,-117.831081
1212840,33.797729,-117.831223
1212865,33.800652,-117.831355
1213274,33.809605,-117.832031
1212903,33.817979,-117.832098
1212957,33.823807,-117.832097
1203440,33.830875,-117.834539
1211907,33.78435,-117.879424
1202011,33.787426,-117.879769
1202024,33.790105,-117.879799
1202053,33.794121,-117.878448
1202067,33.795482,-117.877848
1202093,33.805531,-117.880058
1202118,33.808904,-117.879353
1213741,33.811084,-117.878472
1202146,33.81772,-117.876254
1202172,33.820297,-117.875999
1213105,33.825188,-117.875981
1213122,33.83238,-117.875965
1202201,33.837126,-117.87595
1202230,33.839593,-117.875935
1213036,33.842505,-117.875902
1213041,33.846873,-117.875931
1213672,33.851227,-117.875572
1202263,33.862728,-117.877557
1219462,33.869812,-117.879677
1202308,33.880532,-117.88031
1202337,33.888435,-117.880484
1202365,33.891206,-117.880559
1213087,33.896472,-117.880822
1202380,33.900126,-117.881063
1202408,33.909962,-117.883309
1202436,33.913565,-117.882887
1202464,33.929701,-117.879881
1211870,33.940872,-117.875138
1211954,33.777415,-117.874735
1201998,33.783256,-117.880197
1202040,33.792388,-117.879621
1202078,33.804096,-117.88008
1202105,33.806677,-117.880243
1213742,33.811089,-117.878726
1202132,33.816163,-117.876814
1202160,33.818721,-117.876349
1213106,33.825192,-117.876256
1213121,33.832386,-117.876232
1202186,33.835983,-117.876191
1202215,33.838577,-117.876186
1213133,33.842489,-117.876207
1213721,33.846832,-117.876202
1213673,33.851167,-117.875855
1218170,33.857092,-117.876106
1202248,33.862118,-117.87757
1219461,33.869773,-117.879875
1202278,33.872312,-117.880462
1202290,33.87562,-117.880503
1202322,33.886705,-117.880716
1202353,33.889447,-117.880785
1213088,33.896472,-117.881094
1202373,33.900128,-117.881325
1202394,33.90899,-117.883224
1202422,33.91201,-117.883726
1202451,33.92289,-117.880298
1202475,33.94149,-117.874675
1210440,33.545677,-117.674552
1208701,33.550126,-117.675644
1208760,33.554546,-117.677239
1208886,33.557803,-117.683209
1208789,33.559105,-117.689417
1208942,33.562029,-117.693351
1208944,33.564588,-117.695254
1210477,33.567967,-117.698683
1210478,33.571095,-117.702528
1209020,33.574966,-117.70902
1210488,33.575554,-117.710558
1210523,33.577091,-117.714614
1210543,33.580619,-117.720958
1210560,33.583441,-117.724921
1210573,33.585779,-117.72822
1210582,33.58748,-117.733096
1210590,33.588223,-117.740639
1210598,33.589091,-117.744983
1210600,33.590678,-117.749665
1210601,33.591624,-117.755573
1210609,33.593909,-117.76171
1210618,33.595997,-117.764653
1210628,33.598966,-117.770961
1210637,33.599693,-117.776669
1210647,33.601969,-117.782151
1210659,33.602777,-117.786992
1210744,33.607825,-117.801253
1210736,33.609334,-117.806039
1210728,33.610446,-117.812765
1210715,33.611986,-117.815658
1210705,33.614224,-117.817786
1210696,33.616831,-117.819255
1210687,33.620522,-117.822056
1210679,33.623392,-117.828171
1210661,33.626366,-117.831907
1210571,33.629759,-117.837358
1210561,33.631208,-117.842241
1210536,33.632697,-117.847113
1210524,33.635664,-117.852976
1210505,33.638513,-117.856881
1210487,33.643656,-117.859875
1210474,33.646501,-117.860508
1210465,33.650823,-117.8614
1210446,33.655401,-117.86475
1212455,33.659804,-117.870921
1212463,33.663519,-117.87634
1212473,33.67012,-117.883175
1212479,33.674893,-117.887299
1212489,33.683052,-117.894515
1212496,33.686594,-117.897754
1210441,33.545627,-117.674915
1208703,33.550021,-117.676025
1208758,33.554335,-117.677553
1208809,33.557463,-117.683347
1208941,33.558786,-117.689492
1208943,33.56161,-117.693516
1208945,33.564154,-117.695429
1210476,33.567532,-117.698836
1210479,33.570836,-117.702926
1210749,33.573158,-117.706028
1210491,33.575244,-117.71075
1210527,33.576781,-117.714799
1210551,33.580299,-117.721195
1210570,33.583126,-117.725184
1210574,33.585421,-117.728504
1210583,33.587118,-117.733325
1210589,33.587924,-117.740964
1210597,33.588855,-117.745361
1210599,33.590342,-117.750156
1210602,33.59118,-117.755882
1210610,33.593514,-117.761968
1210619,33.595564,-117.764927
1210629,33.59849,-117.771217
1210638,33.599221,-117.776885
1210648,33.601523,-117.78232
1210660,33.602353,-117.787181
1210745,33.607237,-117.801595
1210737,33.608817,-117.806455
1210729,33.610123,-117.813251
1210716,33.611697,-117.816184
1210706,33.614005,-117.8183
1210697,33.616669,-117.819745
1210688,33.620205,-117.822441
1210678,33.623005,-117.828338
1210669,33.625981,-117.832171
1210572,33.629475,-117.837662
1210552,33.630935,-117.842609
1210542,33.632444,-117.847497
1210525,33.635399,-117.853396
1210504,33.638307,-117.857266
1210494,33.640714,-117.859193
1210489,33.643454,-117.86032
1210475,33.646308,-117.860978
1210466,33.650695,-117.861933
1210447,33.655174,-117.865011
1212454,33.659515,-117.871215
1212464,33.66324,-117.876633
1212472,33.669908,-117.88342
1212480,33.67464,-117.887584
1212484,33.68058,-117.892743
1212495,33.686456,-117.898045
1203495,33.858147,-118.032578
1203506,33.856083,-118.026091
1213891,33.855843,-118.020532
1203536,33.855903,-118.011986
1203561,33.855926,-118.008847
1203589,33.855997,-117.998577
1203615,33.856024,-117.995448
1214063,33.856035,-117.991253
1214118,33.856265,-117.984237
1203642,33.856043,-117.972438
1203654,33.854376,-117.967371
1203679,33.853902,-117.95679
1203704,33.854029,-117.938876
1203762,33.853681,-117.912688
1213060,33.853755,-117.907999
1203788,33.853767,-117.905042
1203793,33.853874,-117.897738
1203825,33.853992,-117.887676
1213986,33.853485,-117.885166
1203831,33.850044,-117.876605
1203850,33.848316,-117.872812
1203866,33.846226,-117.864299
1203886,33.847636,-117.856212
1203922,33.848381,-117.85323
1203927,33.849953,-117.846936
1203957,33.851164,-117.838568
1203984,33.850669,-117.814377
1204010,33.852542,-117.811988
1208108,33.85429,-117.80262
1204038,33.854176,-117.791386
1204064,33.855071,-117.787923
1208121,33.858505,-117.780743
1208147,33.862813,-117.771912
1208161,33.867107,-117.763071
1204091,33.870278,-117.744781
1204117,33.870757,-117.741504
1208180,33.869894,-117.73308
1208199,33.866822,-117.722179
1204142,33.866735,-117.71168
1204153,33.868014,-117.708584
1208226,33.871104,-117.701858
1213680,33.871539,-117.68647
1204181,33.870739,-117.6845
1208240,33.869165,-117.68015
1203481,33.859047,-118.034214
1203513,33.856241,-118.026045
1213892,33.856023,-118.020493
1203524,33.856065,-118.014055
1203549,33.856125,-118.008835
1203573,33.856174,-118.001703
1203604,33.856177,-117.998227
1214062,33.85622,-117.991257
1214117,33.856869,-117.984356
1203631,33.857654,-117.976502
1213398,33.856235,-117.972391
1203649,33.854549,-117.967351
1203665,33.853951,-117.961157
1203692,33.854189,-117.943925
1212725,33.853895,-117.912686
1203774,33.853925,-117.907991
1203799,33.854035,-117.897729
1203813,33.854309,-117.891303
1213985,33.85385,-117.885106
1203845,33.849561,-117.875092
1203861,33.848505,-117.872819
1203871,33.847706,-117.870973
1203896,33.847931,-117.855999
1203909,33.848299,-117.854502
1203931,33.850205,-117.846854
1203944,33.851349,-117.838448
1203972,33.849591,-117.816135
1203998,33.851525,-117.813891
1208110,33.854556,-117.802756
1204023,33.854368,-117.793339
1220832,33.854451,-117.791255
1204052,33.854713,-117.789725
1208134,33.858773,-117.780816
1208151,33.863077,-117.772007
1208176,33.867371,-117.763191
1204076,33.870169,-117.747893
1204105,33.870661,-117.744997
1208190,33.870372,-117.733445
1208208,33.867126,-117.722277
1204159,33.866503,-117.715237
1208230,33.871439,-117.701993
1204168,33.873131,-117.689053
1213686,33.872075,-117.686605
1221092,33.871434,-117.685149
1208260,33.869436,-117.680194
1220745,33.596159,-117.760506
1220750,33.602492,-117.760884
1220755,33.609693,-117.759225
1220760,33.616805,-117.756717
1220765,33.625088,-117.757397
1220770,33.630223,-117.761167
1220775,33.637439,-117.760626
1220786,33.64216,-117.761812
1220780,33.642699,-117.761973
1201066,33.661697,-117.754967
1201076,33.663305,-117.753976
1211784,33.667495,-117.753044
1211770,33.672836,-117.753243
1211760,33.676181,-117.752421
1211750,33.680812,-117.748819
1211740,33.683166,-117.746935
1211731,33.687048,-117.743737
1211724,33.690256,-117.741045
1211717,33.694404,-117.737541
1211706,33.698464,-117.733959
1211692,33.70238,-117.72971
1211682,33.706148,-117.726196
1211663,33.709447,-117.724497
1211653,33.71555,-117.721749
1220816,33.596721,-117.760662
1220811,33.602769,-117.7608
1220805,33.609099,-117.759202
1220800,33.616804,-117.756718
1220795,33.625214,-117.75749
1220790,33.630107,-117.761094
1201054,33.66184,-117.7553
1211787,33.667665,-117.753428
1211772,33.673029,-117.753623
1211761,33.676396,-117.752844
1211752,33.68106,-117.74924
1211741,33.683386,-117.747277
1211732,33.687243,-117.744014
1211725,33.690454,-117.741328
1211716,33.694604,-117.737826
1211708,33.698681,-117.734303
1211693,33.702574,-117.730095
1211665,33.710914,-117.72449
1211654,33.715749,-117.722121
1220561,33.922967,-117.839661
1220578,33.922015,-117.816185
1220588,33.92304,-117.812985
1220593,33.924905,-117.806951
1220599,33.929206,-117.797762
1220609,33.937043,-117.791973
1220603,33.937185,-117.791945
1220613,33.942293,-117.78641
1220579,33.922015,-117.816184
1220589,33.92304,-117.812984
1220594,33.924905,-117.80695
1209531,33.63353,-117.599074
1216039,33.634945,-117.599584
1209558,33.645877,-117.605062
1209577,33.647249,-117.605721
1209585,33.651938,-117.612216
1209598,33.653482,-117.620027
1216002,33.654041,-117.621643
1209606,33.655536,-117.62601
1209614,33.658363,-117.632286
1209652,33.666889,-117.647778
1209669,33.668867,-117.652743
1209685,33.672946,-117.663113
1216048,33.673571,-117.664667
1209621,33.674212,-117.666212
1209634,33.677671,-117.671424
1216019,33.678874,-117.672365
1209644,33.681906,-117.67436
1216067,33.68325,-117.675368
1209567,33.688336,-117.681661
1216070,33.689253,-117.682992
1215823,33.694263,-117.690124
1211204,33.697044,-117.695163
1211218,33.699076,-117.699355
1211236,33.702783,-117.707184
1211248,33.70568,-117.713171
1215987,33.705999,-117.713947
1211264,33.707439,-117.716523
1211276,33.709384,-117.718562
1211285,33.714309,-117.720349
1211296,33.718783,-117.719917
1216118,33.720239,-117.719726
1211309,33.723299,-117.719302
1211317,33.728406,-117.71867
1211325,33.73351,-117.718013
1211334,33.737751,-117.71751
1211343,33.741266,-117.717935
1211352,33.746087,-117.720909
1211360,33.749247,-117.725783
1211368,33.751905,-117.730214
1211378,33.756276,-117.732601
1216161,33.757747,-117.732661
1211387,33.76201,-117.732107
1216170,33.763475,-117.732264
1211395,33.766355,-117.733568
1211490,33.770424,-117.738882
1211499,33.774559,-117.744897
1211509,33.780001,-117.747616
1211560,33.785685,-117.745126
1211574,33.788286,-117.741766
1211585,33.791626,-117.736347
1216210,33.792513,-117.734929
1211424,33.794622,-117.731726
1211433,33.798225,-117.72693
1211445,33.803371,-117.724852
1211451,33.808431,-117.722969
1211461,33.813341,-117.719677
1211471,33.818484,-117.717431
1211515,33.824439,-117.715964
1211528,33.829413,-117.716485
1211535,33.832975,-117.717081
1211550,33.839984,-117.717671
1211628,33.844639,-117.716931
1211626,33.850422,-117.71672
1211624,33.856526,-117.716773
1216081,33.861991,-117.716374
1218990,33.633478,-117.599491
1216040,33.634852,-117.600017
1209548,33.640172,-117.602781
1209578,33.646855,-117.606132
1209586,33.651498,-117.612415
1209594,33.653076,-117.620208
1216001,33.653645,-117.621818
1209615,33.657968,-117.632465
1216006,33.667139,-117.649531
1209674,33.669094,-117.654243
1209684,33.67261,-117.663291
1216049,33.673218,-117.664862
1209622,33.673843,-117.666424
1209632,33.677298,-117.671674
1216018,33.678496,-117.672636
1209646,33.681564,-117.674584
1216068,33.682914,-117.675593
1209568,33.688049,-117.681883
1216077,33.68898,-117.683211
1215822,33.694005,-117.690369
1211206,33.696803,-117.695456
1211221,33.698857,-117.699698
1211229,33.700961,-117.704109
1211247,33.705538,-117.71368
1215986,33.705842,-117.714477
1211266,33.707275,-117.717092
1211278,33.709292,-117.719081
1211286,33.714276,-117.720884
1211298,33.718798,-117.72046
1216119,33.720259,-117.72027
1211310,33.723287,-117.719567
1211318,33.728394,-117.718803
1211326,33.733511,-117.71813
1211335,33.73777,-117.717633
1211344,33.741319,-117.718081
1211353,33.746148,-117.721164
1211361,33.74929,-117.726132
1211369,33.752046,-117.730537
1211379,33.756517,-117.732805
1216162,33.758005,-117.7328
1211388,33.762314,-117.732284
1216171,33.763785,-117.732531
1211396,33.766637,-117.734012
1211491,33.770618,-117.739531
1211501,33.774682,-117.745706
1211510,33.780289,-117.7482
1211562,33.786034,-117.745698
1211575,33.788553,-117.74219
1211586,33.791961,-117.73675
1216211,33.792829,-117.735293
1211425,33.794954,-117.732055
1211434,33.798558,-117.727285
1211444,33.803726,-117.725304
1211455,33.808747,-117.72335
1211465,33.81365,-117.720094
1211475,33.818768,-117.71784
1211522,33.824805,-117.717155
1211531,33.829789,-117.717224
1211539,33.83428,-117.717841
1211634,33.840335,-117.718159
1211629,33.844965,-117.717372
1211627,33.850729,-117.717261
1211625,33.856811,-117.717346
1211410,33.862266,-117.717429
1212281,33.712252,-117.800349
1212292,33.715376,-117.797696
1212303,33.717083,-117.795181
1212310,33.720342,-117.789435
1212320,33.72367,-117.782735
1212333,33.727564,-117.777645
1212347,33.733387,-117.772751
1212362,33.738979,-117.768065
1212372,33.74498,-117.765231
1212382,33.749991,-117.764319
1212390,33.754,-117.763603
1212398,33.758685,-117.76135
1212405,33.762966,-117.759099
1212414,33.766351,-117.758414
1212423,33.769642,-117.75831
1212431,33.77449,-117.757935
1212441,33.779145,-117.75497
1212282,33.7124,-117.800638
1212302,33.717315,-117.795434
1212311,33.720604,-117.789693
1212319,33.723902,-117.782999
1212336,33.727725,-117.777924
1212348,33.733529,-117.773023
1212359,33.739132,-117.768378
1212374,33.745156,-117.765643
1212383,33.750147,-117.764687
1212391,33.754147,-117.763983
1212407,33.758827,-117.761762
1212406,33.763114,-117.759498
1212415,33.766516,-117.758825
1212424,33.769824,-117.758692
1212432,33.7747,-117.758346
1212443,33.779357,-117.75529
1211066,33.646486,-117.741156
1201100,33.64809,-117.746598
1201125,33.648958,-117.74955
1209092,33.651141,-117.757101
1209162,33.652204,-117.763194
1209176,33.65368,-117.770173
1213963,33.657928,-117.777952
1201159,33.659163,-117.780107
1209059,33.661319,-117.784046
1201185,33.663379,-117.793258
1201211,33.663798,-117.796176
1201222,33.666407,-117.812902
1209076,33.66659,-117.813561
1201254,33.669218,-117.821657
1201283,33.670291,-117.824699
1201298,33.672851,-117.832271
1201333,33.676465,-117.842488
1201365,33.677945,-117.845871
1201399,33.682442,-117.85598
1209204,33.686072,-117.864081
1201430,33.686795,-117.866348
1214212,33.687449,-117.871466
1214238,33.687519,-117.880139
1201453,33.687523,-117.884653
1201481,33.687523,-117.887956
1214080,33.687569,-117.8923
1201510,33.688017,-117.909664
1201541,33.688872,-117.918196
1213650,33.690091,-117.921335
1209243,33.693692,-117.930032
1201606,33.69816,-117.940729
1201637,33.704947,-117.953701
1201671,33.707312,-117.956518
1201705,33.716027,-117.966959
1201735,33.719628,-117.971245
1201751,33.721879,-117.973953
1201787,33.732527,-117.988885
1201823,33.734759,-117.992088
1201853,33.746378,-118.00667
1201899,33.759918,-118.022852
1201959,33.774552,-118.073325
1201118,33.646186,-117.741301
1201087,33.647015,-117.744091
1201112,33.64795,-117.747203
1209091,33.650789,-117.757205
1209161,33.651837,-117.763315
1209178,33.653346,-117.770361
1201145,33.657534,-117.778085
1209189,33.660957,-117.784273
1201171,33.66293,-117.793047
1201197,33.663404,-117.796283
1201217,33.666093,-117.81298
1209070,33.666292,-117.813632
1201240,33.668738,-117.820882
1201270,33.669737,-117.823958
1201292,33.672571,-117.832329
1201315,33.675863,-117.84179
1201350,33.677283,-117.845019
1201382,33.681922,-117.855449
1201406,33.685751,-117.86423
1201419,33.686517,-117.866474
1201410,33.687245,-117.875063
1214209,33.687254,-117.880276
1201469,33.687251,-117.88618
1214081,33.687337,-117.892435
1201497,33.68748,-117.899035
1201525,33.687942,-117.915002
1201558,33.689212,-117.91995
1209241,33.693448,-117.930222
1201589,33.695653,-117.9355
1201620,33.700854,-117.947913
1201653,33.705479,-117.954762
1201687,33.714839,-117.965935
1201719,33.71936,-117.971343
1201767,33.72995,-117.98561
1201805,33.733102,-117.990146
1201839,33.743534,-118.003642
1201867,33.7468,-118.007585
1201883,33.757778,-118.020707
1201911,33.77403,-118.041297
1201941,33.774257,-118.073289
1219551,33.799174,-118.084562
1202527,33.80097,-118.082822
1202549,33.804853,-118.081293
1219560,33.799259,-118.084891
1202522,33.80104,-118.083136
1202537,33.804047,-118.081675
